{
  "high": "pitched, cute, shrewd, discerning, intense, lancinating, severe, discriminating, high, neat;",
  "hilarious, light": "hearted, jovial, perky, sportive, laughing, buoyant, sunny, lightsome, bright, breezy,",
  "higgledy": "piggledy, hugger-mugger",
  "hard": "",
  "ha": "",
  "habitat": "",
  "habituá": "habitue",
  "habitué": "noun: habitue",
  "hackeraggio": "hacking",
  "hafnio": "hafnia",
  "hai": "you",
  "haiti": "noun: Haiti",
  "haitiana": "haitian",
  "haitiane": "haitian",
  "haitiani": "haitians",
  "haitiano": "haitian",
  "halibut": "",
  "hall": "",
  "halloween": "noun: vigilia d'Ognissanti",
  "halo": "",
  "hamburger": "",
  "hamburgher": "hamburgers",
  "hamster": "",
  "handgun": "noun: pistola",
  "handicap": "",
  "handicappa": "handicapp",
  "handicappammo": "handicapped",
  "handicappando": "handicapped",
  "handicappano": "handicapped",
  "handicappante": "handicapping",
  "handicappanti": "handicapping",
  "handicappar": "handicapping",
  "handicappare": "handicapping",
  "handicapparono": "handicapped",
  "handicappasse": "disabled",
  "handicappassero": "disabled",
  "handicappassi": "handicapped",
  "handicappassimo": "handicapped",
  "handicappata": "disabled",
  "handicappate": "disabled",
  "handicappati": "handicapped",
  "handicappato": "handicapped",
  "handicappava": "disabled",
  "handicappavamo": "disabled",
  "handicappavano": "disabled",
  "handicappavate": "disabled",
  "handicappavi": "handicapped",
  "handicappavo": "handicapped",
  "handicapperà": "handicapper",
  "handicapperai": "handicapped",
  "handicapperanno": "handicapped",
  "handicapperebbe": "handicapping",
  "handicapperebbero": "handicapping",
  "handicapperei": "handicapping",
  "handicapperemmo": "handicapping",
  "handicapperemo": "handicapping",
  "handicappereste": "disabled",
  "handicapperesti": "handicapped",
  "handicapperete": "disabled",
  "handicapperò": "handicapper",
  "handicappi": "handicapp",
  "handicappiamo": "handicapped",
  "handicappiate": "disabled",
  "handicappo": "handicapp",
  "handicappò": "handicapp",
  "handle": "",
  "handling": "",
  "hangar": "",
  "hanno": "have",
  "hanovre": "hanover",
  "happening": "",
  "hardware": "",
  "harem": "",
  "harmonium": "",
  "hascemita": "hashemite",
  "hascisc": "noun: hashish",
  "hashish": "",
  "haul": "",
  "haunt": "",
  "hawaiano": "adjective: Hawaiian;",
  "hawaii": "noun: Hawaii",
  "haycock": "",
  "haywire": "",
  "he": "",
  "head": "",
  "headboard": "",
  "header": "",
  "heading": "",
  "headscarf": "noun: foulard",
  "heart": "",
  "heath": "",
  "heather": "",
  "hectic": "",
  "hegeliana": "adjective: Hegelian",
  "hegeliane": "adjective: Hegelian",
  "hegeliani": "adjective: Hegelian",
  "hegelianismo": "hegelianism",
  "hegeliano": "adjective: Hegelian",
  "hegelismo": "adjective: Hegelian",
  "henna": "",
  "henné": "henna",
  "her": "",
  "here": "",
  "herpes": "",
  "herself": "",
  "hertziano": "adjective: Hertzian",
  "hespérange": "hesperange",
  "hickory": "",
  "highly": "",
  "highway": "",
  "hilarious": "",
  "him": "",
  "himalaia": "himalayas",
  "himalaiano": "himalayan",
  "himself": "",
  "hindi": "noun: Hindi",
  "hindustani": "adjective: indostano",
  "hinterland": "",
  "hitch": "",
  "hither": "",
  "hitleriana": "hitler",
  "hitleriane": "hitler",
  "hitleriani": "hitler",
  "hitleriano": "hitler",
  "hitlerismo": "hitlerism",
  "hittita": "hittite",
  "ho": "",
  "hob": "",
  "hobbista": "hobbyist",
  "hobby": "",
  "hockey": "",
  "holding": "",
  "hole": "",
  "hollow": "",
  "hollywoodiana": "hollywood",
  "hollywoodiane": "hollywood",
  "hollywoodiani": "hollywood",
  "hollywoodiano": "hollywood",
  "holy": "",
  "home": "",
  "homestead": "",
  "honduras": "noun: Honduras",
  "honduregno": "honduran",
  "honest": "",
  "honeycomb": "",
  "hooligan": "",
  "hooligans": "noun: teppa",
  "horse": "",
  "horsewhip": "",
  "host": "",
  "hostess": "",
  "hotel": "",
  "hovercraft": "",
  "huacayo": "huacaya",
  "humor": "",
  "humorous": "",
  "humour": "",
  "humus": "",
  "hungary": "noun: Ungheria",
  "hussita": "hussite",
  "hitch, holdback, obstruction, drag, stumbling": "block, prevention",
  "hasty, madcap, light": "minded",
  "hipped, blue, sorry, blue": "deviled, blue-devilled, heavy, wan, cheerless, sombre, somber, disconsolate,"
}