{
  "jab": "",
  "jainismo": "jainism",
  "jais": "jets",
  "jam": "",
  "jamaica": "noun: Giamaica",
  "jamaïque": "jamaique",
  "janitor": "",
  "japan": "",
  "jape": "",
  "jazz": "",
  "jazzista": "adjective: jazz, jazzy",
  "jazzisti": "adjective: jazz, jazzy",
  "jazzistico": "adjective: jazz, jazzy",
  "jeans": "",
  "jeanseria": "jeans",
  "jeanserie": "jeans",
  "jeep": "",
  "jericho": "noun: Gerico",
  "jéricho": "jericho",
  "jerusalem": "noun: Gerusalemme",
  "jérusalem": "jerusalem",
  "jest": "",
  "jet": "",
  "jib": "",
  "jigger": "",
  "jihâd": "jihad",
  "jingle": "",
  "jittery": "",
  "jívaro": "jivaro",
  "job": "",
  "jockey": "",
  "jocular": "",
  "jodel": "yodel",
  "jogging": "noun: jogging",
  "joint": "",
  "joist": "",
  "joke": "",
  "joking": "adjective: scherzoso",
  "jolly": "",
  "jonio": "ionic",
  "jordan": "noun: Giordania",
  "joule": "",
  "jovial": "",
  "joyciano": "joyce",
  "joyful": "",
  "joystick": "",
  "jubé": "rood screen",
  "judo": "",
  "judoista": "judoists",
  "judoistico": "judoists",
  "jugoslava": "yugoslav",
  "jugoslave": "yugoslav",
  "jugoslavi": "yugoslavs",
  "jugoslavia": "yugoslavia",
  "jugoslavo": "yugoslav",
  "jugular": "",
  "jujitsu": "noun: jujitsu, jujutsu",
  "jukebox": "noun: juke-box",
  "jumbo": "",
  "jumper": "",
  "jumpy": "",
  "junction": "",
  "junghiano": "jungian",
  "jungla": "jungle",
  "jungle": "",
  "junior": "",
  "just": "",
  "juta": "noun: jute",
  "juventina": "juventus",
  "juventine": "juventus",
  "juventini": "juventus",
  "juventino": "juventus"
}