{
  "know": "how, prowess, sleight",
  "kick": "off",
  "kafkiana": "kafkaesque",
  "kafkiane": "kafkaesque",
  "kafkiani": "kafka",
  "kafkiano": "kafkaesque",
  "kaiser": "",
  "kaki": "noun: cachi",
  "kakì": "khaki",
  "kalkutta": "calcutta",
  "kamikaze": "noun: kamikaze",
  "kansas": "noun: Kansas",
  "kantiana": "adjective: Kantian",
  "kantiane": "adjective: Kantian",
  "kantiani": "adjective: Kantian",
  "kantiano": "adjective: Kantian",
  "kantismo": "kantianism",
  "kaone": "kaon",
  "kapok": "",
  "karakiri": "noun: harakiri",
  "karate": "noun: karate",
  "karatè": "noun: karate",
  "karma": "noun: karma",
  "kartodromo": "go-kart track",
  "kasba": "kasbah",
  "kasher": "kosher",
  "katmandou": "kathmandu",
  "kayak": "",
  "kazakistan": "kazakhstan",
  "kazako": "kazakh",
  "kebab": "noun: kebab",
  "keenness": "noun: acutezza, perspicacia, argutezza",
  "kenia": "noun: Kenya",
  "keniana": "adjective: Kenyan",
  "keniane": "kenyan",
  "keniani": "adjective: Kenyan",
  "keniano": "adjective: Kenyan",
  "keniota": "noun: Kenyan",
  "keniote": "noun: Kenyan",
  "kenioti": "noun: Kenyan",
  "kent": "",
  "kenya": "noun: Kenia",
  "kepi": "",
  "képi": "kepi",
  "kepleriano": "keplerian",
  "kermesse": "festival",
  "kernel": "",
  "kerosene": "",
  "ketch": "",
  "ketchup": "",
  "kettledrum": "noun: timpano, nacchera",
  "khalkís": "khalkis",
  "khan": "",
  "khanato": "khanate",
  "khartum": "khartoum",
  "kid": "",
  "kidnap": "",
  "kilimangiaro": "kilimanjaro",
  "killer": "",
  "kilo": "",
  "kilowatt": "",
  "kilt": "",
  "kimono": "",
  "kinesiterapia": "kinesiology",
  "kink": "",
  "kirghizistan": "kyrgyzstan",
  "kirgisistan": "kyrgyzstan",
  "kit": "",
  "kiwi": "",
  "kleperiano": "kepler",
  "kmq": "sq.km.",
  "knob": "",
  "knockout": "adjective: che mette fuori combattimento",
  "knot": "",
  "koala": "noun: koala",
  "koinè": "koine",
  "kolchoz": "kolkhoz",
  "korçë": "korça",
  "korea": "noun: Corea",
  "krapfen": "donuts",
  "krasnoïarsk": "krasnoyarsk",
  "kripton": "krypton",
  "krypton": "",
  "kudos": "",
  "kurdo": "kurdish",
  "kuwait": "noun: Kuwait",
  "kuwaitiana": "kuwaiti",
  "kuwaitiane": "kuwaiti",
  "kuwaitiani": "kuwaiti",
  "kuwaitiano": "kuwaiti"
}