{
  "noun: acquisition, take": "over",
  "noun: bringing up": "to-date, updating, adjournment;",
  "noun: alignment, line": "up",
  "noun: altruist, self": "sacrificing",
  "noun: Anglo": "Saxon",
  "noun: anti": "Semite",
  "noun: out": "of-doors",
  "noun: self": "love",
  "noun: fitting": "out, interior decoration, furnishing, furnishings, furniture, decor, appointments",
  "noun: teetotaler, non": "drinker",
  "noun: bus, omnibus, double": "decker",
  "noun: sky": "blue, azure",
  "noun: beauty, belle, pin": "up",
  "noun: burgess, middle": "class person, civilian, commoner, plain clothes;",
  "noun: centrifuge, spin": "dryer",
  "noun: cross": "examination",
  "noun: default, contumacy, non": "appearance, absence",
  "noun: lay": "sister",
  "noun: cordial, pick": "me-up;",
  "noun: errata": "corrige",
  "noun: herbicide, weed": "killer",
  "noun: sleep, shut": "eye, rest",
  "notch, superb, fine, capital, crack, hunky": "dory",
  "noun: egotist, self": "centered person",
  "noun: brass": "band, fanfare",
  "noun: walk": "on",
  "noun: deep": "freeze, freezer",
  "noun: day": "to-day",
  "noun: non": "commissioned officer",
  "noun: water": "repellent",
  "noun: tangle, fix, entanglement, imbroglio, maze, scrape, hanky": "panky, racket, wangle, swindle, cheat,",
  "noun: improvisation, extemporization, extemporisation, ad": "lib",
  "noun: fortune": "teller",
  "noun: pollution, foul": "up",
  "noun: ensign, signboard, shingle, flag, banner, standard, coat": "of-arms",
  "noun: insulator, non": "conductor",
  "noun: lance, ship's boat, spear, launch, nozzle, jolly": "boat, lifeboat, dinghy, harpoon, sprayer",
  "noun: lever, call": "up, stimulus, prize, levy, draft, conscription, generation",
  "noun: left": "hander",
  "noun: early": "rising, matins, matin",
  "noun: mezzo": "soprano",
  "noun: half": "note, minim",
  "na": "pronoun: of it, of them, of him, of her, about it, about them;",
  "nababbi": "noun: nabob",
  "nababbo": "noun: nabob",
  "nabucodonosor": "nebuchadnezzar",
  "nacchera": "noun: kettledrum, clam",
  "nacchere": "noun: castanets, clapper",
  "nacque": "born",
  "nacquer": "born",
  "nacquero": "born",
  "nacqui": "i was born",
  "nadir": "",
  "nafta": "noun: naphtha, Diesel oil, oil",
  "naftalene": "naphthalene",
  "naftalina": "noun: naphthalene",
  "naftolo": "naphthol",
  "naia": "gang",
  "naiade": "noun: naiad",
  "naïf": "naive",
  "nailon": "noun: nylon",
  "nakedness": "noun: nudità",
  "naldo": "rinaldo",
  "nanchino": "noun: nankeen, nankin",
  "nandù": "rhea",
  "nane": "dwarf",
  "nani": "dwarf",
  "nanismo": "noun: dwarfism",
  "nanista": "noun: runt",
  "nano": "noun: runt, manikin, midget;",
  "nanometro": "nm",
  "nanosecondo": "nanosecond",
  "nap": "",
  "napalm": "",
  "napea": "nape",
  "naples": "noun: Napoli",
  "napoleone": "noun: Napoleon",
  "napoleonica": "adjective: Napoleonic",
  "napoleoniche": "adjective: Napoleonic",
  "napoleonici": "adjective: Napoleonic",
  "napoleonico": "adjective: Napoleonic",
  "napoletana": "adjective: Neapolitan;",
  "napoletane": "neapolitan",
  "napoletani": "adjective: Neapolitan;",
  "napoletano": "adjective: Neapolitan;",
  "napoli": "noun: Naples",
  "nappa": "noun: tassel, soft leather, nappa",
  "nappe": "",
  "nappina": "tassel",
  "nappo": "cup",
  "narcisi": "noun: narcissus, daffodil",
  "narcisismi": "narcissism",
  "narcisismo": "noun: self-worship, narcissism",
  "narcisista": "noun: narcissist",
  "narcisisti": "noun: narcissist",
  "narciso": "noun: narcissus, daffodil",
  "narcodollari": "drug money",
  "narcodollaro": "drug money",
  "narcosi": "noun: narcosis",
  "narcotica": "narcotic",
  "narcotiche": "narcotic",
  "narcotici": "noun: narcotic, opiate;",
  "narcotico": "noun: narcotic, opiate;",
  "narcotizza": "verb: narcotise, narcotize",
  "narcotizzammo": "drugged",
  "narcotizzando": "drugged",
  "narcotizzano": "verb: narcotise, narcotize",
  "narcotizzante": "verb: narcotise, narcotize",
  "narcotizzanti": "narcosis",
  "narcotizzar": "narcotize",
  "narcotizzare": "verb: narcotise, narcotize",
  "narcotizzarono": "drugged",
  "narcotizzasse": "narcotize",
  "narcotizzassero": "drugged",
  "narcotizzassi": "drugged",
  "narcotizzassimo": "drugged",
  "narcotizzata": "verb: narcotise, narcotize",
  "narcotizzate": "drugged",
  "narcotizzati": "verb: narcotise, narcotize",
  "narcotizzato": "verb: narcotise, narcotize;",
  "narcotizzava": "drugged",
  "narcotizzavamo": "drugged",
  "narcotizzavano": "drugged",
  "narcotizzavate": "drugged",
  "narcotizzavi": "drugged",
  "narcotizzavo": "drugged",
  "narcotizzazione": "noun: narcotization",
  "narcotizzerai": "drugged",
  "narcotizzeranno": "drugged",
  "narcotizzerebbe": "narcotize",
  "narcotizzerebbero": "narcotize",
  "narcotizzerei": "narcotize",
  "narcotizzeremmo": "narcotize",
  "narcotizzeremo": "narcotize",
  "narcotizzereste": "narcotize",
  "narcotizzeresti": "narcotize",
  "narcotizzerete": "narcotize",
  "narcotizzi": "narcotises",
  "narcotizziamo": "drugged",
  "narcotizziate": "drugged",
  "narcotizzo": "narcotises",
  "narcotizzò": "narcotises",
  "narcotrafficante": "drug trafficker",
  "narcotrafficanti": "narco",
  "narcotraffico": "drug trafficking",
  "nardo": "noun: spikenard",
  "narghilé": "hookah",
  "narghilè": "hookah",
  "narice": "noun: nostril",
  "narici": "noun: nostril",
  "nario": "veterinarian",
  "narra": "tells",
  "narrabile": "adjective: narrable",
  "narrai": "i told",
  "narrammo": "narrated",
  "narrando": "telling",
  "narrano": "narrate",
  "narrante": "noun: narrator, teller, storyteller, writer",
  "narranti": "narrative",
  "narrar": "narrating",
  "narrare": "verb: tell, narrate, recount, relate",
  "narrarono": "narrated",
  "narrasse": "narrate",
  "narrassero": "narrate",
  "narrassi": "narrate",
  "narrassimo": "narrate",
  "narrata": "verb: tell, narrate, recount, relate",
  "narrate": "",
  "narrati": "narrated",
  "narrativa": "noun: fiction",
  "narrative": "",
  "narrativi": "adjective: narrative;",
  "narrativo": "adjective: narrative",
  "narrato": "verb: tell, narrate, recount, relate",
  "narratore": "noun: narrator, teller, storyteller, writer",
  "narratori": "noun: narrator, teller, storyteller, writer",
  "narratrice": "narrator",
  "narratrici": "narrators",
  "narrava": "narrated",
  "narravamo": "narrated",
  "narravano": "narrated",
  "narravate": "narrated",
  "narravi": "you told",
  "narravo": "narrated",
  "narrazione": "noun: narration, account, narrative, story, telling, tale",
  "narrazioni": "noun: narration, account, narrative, story, telling, tale",
  "narrerà": "narrate",
  "narrerai": "narrate",
  "narreranno": "narrate",
  "narrerebbe": "narrate",
  "narrerebbero": "narrate",
  "narrerei": "narrate",
  "narreremmo": "narrate",
  "narreremo": "narrate",
  "narrereste": "narrate",
  "narreresti": "narrate",
  "narrerete": "narrate",
  "narrerò": "narrate",
  "narri": "narrates",
  "narriamo": "narrate",
  "narriate": "narrated",
  "narro": "i tell",
  "narrò": "told",
  "nartece": "noun: narthex",
  "narvalo": "noun: narwhal",
  "nas": "nos",
  "nasale": "adjective: nasal",
  "nasali": "adjective: nasal",
  "nasalità": "nasality",
  "nasalizzazione": "noun: nasalisation, nasalization",
  "nasca": "born",
  "nascano": "born",
  "nasce": "verb: be born, come up, be due, spring up, rise, arise, derive, originate, start up, come, grow,",
  "nascemmo": "we were born",
  "nascendo": "born",
  "nascente": "adjective: rising, nascent",
  "nascenti": "adjective: rising, nascent",
  "nascer": "springing",
  "nascerà": "born",
  "nascerai": "be born",
  "nasceranno": "born",
  "nascere": "verb: be born, come up, be due, spring up, rise, arise, derive, originate, start up, come, grow,",
  "nascerebbe": "be born",
  "nascerebbero": "would arise",
  "nascerei": "rise",
  "nasceremmo": "be born",
  "nasceremo": "be born",
  "nascereste": "be born",
  "nasceresti": "be born",
  "nascerete": "be born",
  "nascerò": "be born",
  "nascesse": "born",
  "nascessero": "were born",
  "nascessi": "born",
  "nascessimo": "were born",
  "nasceste": "were born",
  "nascesti": "were born",
  "nascete": "are born",
  "nasceva": "born",
  "nascevamo": "born",
  "nascevano": "born",
  "nascevate": "were born",
  "nascevi": "born",
  "nascevo": "i was born",
  "nasci": "are born",
  "nasciamo": "born",
  "nasciate": "births",
  "nascita": "noun: birth, origin, nativity",
  "nascite": "births",
  "nascitura": "unborn",
  "nasciture": "unborn",
  "nascituri": "adjective: unborn;",
  "nascituro": "adjective: unborn;",
  "nasco": "hidden",
  "nascon": "hide",
  "nasconda": "hide",
  "nascondano": "hide",
  "nasconde": "verb: be hidden, hide, conceal, secrete, mask, obscure, shroud, screen, blind, block, occult,",
  "nascondemmo": "hid",
  "nascondendo": "verb: hide, lurk, skulk, ensconce, burrow",
  "nascondente": "caching",
  "nascondenti": "concealing",
  "nasconder": "hide",
  "nasconderà": "hide",
  "nasconderai": "hide",
  "nasconderanno": "hide",
  "nascondere": "verb: be hidden, hide, conceal, secrete, mask, obscure, shroud, screen, blind, block, occult,",
  "nasconderebbe": "hide",
  "nasconderebbero": "would hide",
  "nasconderei": "hide",
  "nasconderemmo": "harboring",
  "nasconderemo": "hide",
  "nascondereste": "hide",
  "nasconderesti": "hide",
  "nasconderete": "hide",
  "nasconderò": "hide",
  "nascondersi": "verb: hide, lurk, skulk, ensconce, burrow",
  "nascondesse": "hide",
  "nascondessero": "hiding",
  "nascondessi": "hid",
  "nascondeste": "hidden yourself",
  "nascondesti": "hidden yourself",
  "nascondete": "hide",
  "nascondeva": "hide",
  "nascondevamo": "hiding",
  "nascondevano": "hide",
  "nascondevate": "hide",
  "nascondevi": "hid",
  "nascondevo": "hide",
  "nascondi": "hide",
  "nascondiamo": "hide",
  "nascondiate": "hide",
  "nascondigli": "noun: cache, hiding place, hideaway, hideout, concealment, den, lair, burrow, hole",
  "nascondiglio": "noun: cache, hiding place, hideaway, hideout, concealment, den, lair, burrow, hole",
  "nascondino": "noun: hide-and-seek",
  "nascondo": "hide",
  "nascondono": "verb: hide, lurk, skulk, ensconce, burrow",
  "nascono": "born",
  "nascose": "hid",
  "nascosè": "hid",
  "nascoser": "hid",
  "nascosero": "hid",
  "nascosi": "hid",
  "nascosta": "adjective: hidden, unseen, covert, blind, sneaking, ulterior, underhand, stealthy, cryptic, occult",
  "nascostamente": "covertly",
  "nascoste": "hidden",
  "nascosti": "adjective: hidden, unseen, covert, blind, sneaking, ulterior, underhand, stealthy, cryptic, occult",
  "nascosto": "adjective: hidden, unseen, covert, blind, sneaking, ulterior, underhand, stealthy, cryptic, occult",
  "nasello": "noun: hake",
  "nasi": "noun: nose, smeller",
  "naso": "noun: nose, smeller",
  "nasone": "nose",
  "nasoni": "noses",
  "nassa": "noun: fish trap, lobster pot",
  "nastri": "noun: ribbon, tape, band, fillet, belt",
  "nastrini": "noun: ribbon",
  "nastrino": "noun: ribbon",
  "nastro": "noun: ribbon, tape, band, fillet, belt",
  "nastroteca": "noun: tape library",
  "nasturzio": "noun: nasturtium, cress",
  "nasuto": "adjective: big-nosed, nosey, nosy",
  "nata": "adjective: nee",
  "natale": "adjective: native, natal;",
  "natali": "noun: natality, birth rate;",
  "natalità": "noun: natality, birth rate",
  "natalizi": "adjective: Christmassy",
  "natalizia": "adjective: Christmassy",
  "natalizie": "adjective: Christmassy",
  "natalizio": "adjective: Christmassy",
  "natanaele": "nathanael",
  "natante": "noun: craft, boat;",
  "natanti": "noun: craft, boat;",
  "natatoia": "fin",
  "natatori": "adjective: natatorial",
  "natatoria": "adjective: natatorial",
  "natatorie": "adjective: natatorial",
  "natatorio": "adjective: natatorial",
  "nate": "adjective: nee",
  "nati": "noun: nation, people, country, state",
  "natia": "native",
  "natica": "noun: buttock",
  "natiche": "noun: fundament, hunkers, buttocks",
  "naticuto": "buttocks",
  "natie": "native",
  "natimortalità": "stillbirth",
  "natio": "adjective: native",
  "natío": "native",
  "natìo": "native",
  "nativa": "adjective: native",
  "native": "",
  "nativi": "adjective: native",
  "nativismo": "nativism",
  "nativista": "nativist",
  "natività": "noun: Nativity",
  "nativo": "adjective: native",
  "nato": "noun: nation, people, country, state;",
  "natta": "noun: wen",
  "natura": "noun: nature, kind, being, character, type, wildlife, wild",
  "naturale": "adjective: natural, native, careless, racy, inbred",
  "naturalezza": "noun: naturalness, simplicity, truthfulness",
  "naturalezze": "naturalness",
  "naturali": "adjective: natural, native, careless, racy, inbred;",
  "naturalismi": "naturalism",
  "naturalismo": "noun: naturalism",
  "naturalista": "noun: naturalist",
  "naturalisti": "noun: naturalist;",
  "naturalistica": "adjective: naturalistic",
  "naturalistiche": "adjective: naturalistic",
  "naturalistici": "adjective: naturalistic",
  "naturalistico": "adjective: naturalistic",
  "naturalità": "naturalness",
  "naturalizza": "verb: become naturalized, naturalise, naturalize",
  "naturalizzammo": "naturalized",
  "naturalizzando": "naturalizing",
  "naturalizzano": "naturalize",
  "naturalizzante": "naturalizing",
  "naturalizzanti": "naturalizing",
  "naturalizzar": "naturalize",
  "naturalizzare": "verb: become naturalized, naturalise, naturalize",
  "naturalizzarono": "naturalize",
  "naturalizzarsi": "naturalized",
  "naturalizzasse": "naturalized",
  "naturalizzassero": "naturalized",
  "naturalizzassi": "naturalized",
  "naturalizzassimo": "naturalized",
  "naturalizzata": "verb: become naturalized, naturalise, naturalize;",
  "naturalizzate": "naturalized",
  "naturalizzati": "verb: become naturalized, naturalise, naturalize;",
  "naturalizzato": "verb: become naturalized, naturalise, naturalize;",
  "naturalizzava": "naturalized",
  "naturalizzavamo": "naturalized",
  "naturalizzavano": "naturalize",
  "naturalizzavate": "naturalized",
  "naturalizzavi": "naturalized",
  "naturalizzavo": "naturalized",
  "naturalizzazione": "noun: naturalisation, naturalization",
  "naturalizzazioni": "noun: naturalisation, naturalization",
  "naturalizzerai": "naturalized",
  "naturalizzeranno": "naturalize",
  "naturalizzerebbe": "naturalize",
  "naturalizzerebbero": "naturalize",
  "naturalizzerei": "naturalize",
  "naturalizzeremmo": "naturalize",
  "naturalizzeremo": "naturalize",
  "naturalizzereste": "naturalized",
  "naturalizzeresti": "naturalized",
  "naturalizzerete": "naturalize",
  "naturalizzi": "naturalized",
  "naturalizziamo": "naturalized",
  "naturalizziate": "naturalized",
  "naturalizzo": "naturalizes",
  "naturalizzò": "naturalized",
  "naturalmente": "adverb: of course, naturally",
  "nature": "",
  "naturismo": "naturism",
  "naturista": "naturist",
  "naturisti": "naturists",
  "naturistico": "naturist",
  "naufraga": "shipwrecked",
  "naufragammo": "shipwrecked",
  "naufragan": "wrecked",
  "naufragando": "shipwreck",
  "naufragano": "shipwrecked",
  "naufragar": "verb: be shipwrecked, fail, be wrecked, fall through, shipwreck, wreck, sink",
  "naufragare": "verb: be shipwrecked, fail, be wrecked, fall through, shipwreck, wreck, sink",
  "naufragarono": "shipwrecked",
  "naufragasse": "wreck",
  "naufragassero": "wreck",
  "naufragassi": "shipwrecked",
  "naufragassimo": "shipwreck",
  "naufragata": "verb: be shipwrecked, fail, be wrecked, fall through, shipwreck, wreck, sink",
  "naufragate": "shipwrecked",
  "naufragati": "verb: be shipwrecked, fail, be wrecked, fall through, shipwreck, wreck, sink",
  "naufragato": "verb: be shipwrecked, fail, be wrecked, fall through, shipwreck, wreck, sink",
  "naufragava": "sank",
  "naufragavamo": "shipwrecked",
  "naufragavano": "shipwrecked",
  "naufragavate": "shipwrecked",
  "naufragavi": "shipwrecked",
  "naufragavo": "shipwrecked",
  "naufragherà": "perish",
  "naufragherai": "shipwrecked",
  "naufragheranno": "wrecked",
  "naufragherebbe": "wrecked",
  "naufragherebbero": "wrecked",
  "naufragherei": "wrecked",
  "naufragheremmo": "wrecked",
  "naufragheremo": "wrecked",
  "naufraghereste": "wrecked",
  "naufragheresti": "wrecked",
  "naufragherete": "wrecked",
  "naufragherò": "perish",
  "naufraghi": "noun: castaway, shipwrecked person, shipwreck victim",
  "naufraghiamo": "shipwrecked",
  "naufraghiate": "shipwrecked",
  "naufragi": "noun: shipwreck, sinking, wreck, failure, ruin",
  "naufragiare": "verb: sink",
  "naufragio": "noun: shipwreck, sinking, wreck, failure, ruin",
  "naufrago": "noun: castaway, shipwrecked person, shipwreck victim",
  "naufragò": "shipwrecked",
  "naumachia": "noun: naumachia",
  "nausea": "",
  "nauseabonda": "adjective: nauseating, queasy, sickly, sickening",
  "nauseabonde": "nauseating",
  "nauseabondi": "adjective: nauseating, queasy, sickly, sickening",
  "nauseabondo": "adjective: nauseating, queasy, sickly, sickening",
  "nauseammo": "sick",
  "nauseando": "sick",
  "nauseano": "sick",
  "nauseante": "adjective: nauseating, disgusting, nauseous, fulsome, loathsome, loathful, mawkish",
  "nauseanti": "adjective: nauseating, disgusting, nauseous, fulsome, loathsome, loathful, mawkish",
  "nausear": "nauseate",
  "nauseare": "verb: make sick, feel sick, nauseate, disgust, sicken",
  "nausearono": "sick",
  "nauseasse": "nauseate",
  "nauseassero": "sick",
  "nauseassi": "nauseated",
  "nauseassimo": "sick",
  "nauseata": "adjective: sick",
  "nauseate": "",
  "nauseati": "adjective: sick",
  "nauseato": "adjective: sick",
  "nauseava": "nauseated",
  "nauseavamo": "nauseated",
  "nauseavano": "nauseated",
  "nauseavate": "nauseate",
  "nauseavi": "nauseated",
  "nauseavo": "sick",
  "nausee": "noun: nausea, queasiness, sickness, qualm, disgust",
  "nauseerai": "nauseated",
  "nauseeranno": "sick",
  "nauseerebbe": "nauseate",
  "nauseerebbero": "nauseate",
  "nauseerei": "nauseate",
  "nauseeremmo": "nauseate",
  "nauseeremo": "nauseate",
  "nauseereste": "nauseate",
  "nauseeresti": "nauseate",
  "nauseerete": "nauseate",
  "nausei": "noun: nausea, queasiness, sickness, qualm, disgust",
  "nauseo": "noun: nausea, queasiness, sickness, qualm, disgust",
  "nauseò": "nausea",
  "nauta": "naut",
  "nautica": "noun: navigation, nautical science, boating",
  "nautiche": "adjective: nautic, nautical;",
  "nautici": "adjective: nautic, nautical;",
  "nautico": "adjective: nautic, nautical",
  "nautilo": "noun: nautilus",
  "navale": "adjective: naval, marine, sea",
  "navali": "adjective: naval, marine, sea",
  "navata": "noun: nave",
  "navate": "noun: nave",
  "nave": "",
  "navetta": "noun: shuttle",
  "navette": "noun: shuttle",
  "navi": "noun: ship, vessel, boat, freighter, craft",
  "navicella": "noun: nacelle",
  "navicelle": "noun: nacelle",
  "naviga": "noun: sailor, seaman;",
  "navigabile": "adjective: navigable",
  "navigabili": "noun: navigability;",
  "navigabilità": "noun: navigability",
  "navigai": "sailed",
  "navigammo": "sailed",
  "navigan": "sailing there",
  "navigando": "verb: sail, navigate, voyage",
  "navigano": "sailing",
  "navigante": "noun: sailor, seaman",
  "naviganti": "noun: sailor, seaman",
  "navigare": "verb: sail, navigate, voyage",
  "navigarono": "sailed",
  "navigasse": "sailed",
  "navigassero": "sailed",
  "navigassi": "sailed",
  "navigassimo": "sailed",
  "navigata": "sailed",
  "navigate": "",
  "navigati": "navigated",
  "navigato": "sailed",
  "navigatore": "noun: navigator, sailor, seafarer",
  "navigatori": "noun: navigator, sailor, seafarer",
  "navigatoria": "with navigation",
  "navigatorie": "with navigation",
  "navigatorio": "with navigation",
  "navigatrice": "navigator",
  "navigatrici": "navigator",
  "navigava": "sailing",
  "navigavamo": "sailed",
  "navigavano": "sailing",
  "navigavate": "navigate",
  "navigavi": "you navigate",
  "navigavo": "surfing",
  "navigazione": "noun: navigation, shipping",
  "navigazioni": "navigation",
  "navigherà": "sail",
  "navigherai": "browse",
  "navigheranno": "sail",
  "navigherebbe": "surf",
  "navigherebbero": "will sail",
  "navigherei": "will sail",
  "navigheremmo": "sail",
  "navigheremo": "sail",
  "navighereste": "surf",
  "navigheresti": "surf",
  "navigherete": "surf",
  "navigherò": "i'll walk",
  "navighi": "browse",
  "navighiamo": "sail",
  "navighiate": "navigate",
  "navighin": "surf",
  "navighino": "surf",
  "navigli": "noun: ship, fleet, canal",
  "naviglio": "noun: ship, fleet, canal",
  "navigo": "surf",
  "navigò": "sailed",
  "navone": "swede",
  "nazarena": "nazarene",
  "nazarene": "adjective: nazzareno",
  "nazareni": "nazarenes",
  "nazareno": "nazarene",
  "nazaret": "nazareth",
  "nazionale": "adjective: national, domestic, home, regional",
  "nazionali": "adjective: national, domestic, home, regional;",
  "nazionalismi": "noun: nationalism",
  "nazionalismo": "noun: nationalism",
  "nazionalista": "noun: nationalist",
  "nazionaliste": "noun: nationalist",
  "nazionalisti": "noun: nationalism;",
  "nazionalistica": "nationalistic",
  "nazionalistiche": "nationalist",
  "nazionalistici": "nationalist",
  "nazionalistico": "nationalistic",
  "nazionalità": "noun: nationality",
  "nazionalizza": "verb: nationalise, nationalize",
  "nazionalizzammo": "nationalized",
  "nazionalizzando": "nationalizing",
  "nazionalizzano": "nationalized",
  "nazionalizzar": "nationalize",
  "nazionalizzare": "verb: nationalise, nationalize",
  "nazionalizzarono": "nationalized",
  "nazionalizzasse": "nationalize",
  "nazionalizzassero": "nationalize",
  "nazionalizzassi": "nationalize",
  "nazionalizzassimo": "nationalize",
  "nazionalizzata": "verb: nationalise, nationalize",
  "nazionalizzate": "verb: nationalise, nationalize",
  "nazionalizzati": "nationalized",
  "nazionalizzato": "noun: nationalisation, nationalization;",
  "nazionalizzava": "nationalizing",
  "nazionalizzavamo": "nationalizing",
  "nazionalizzavano": "nationalizing",
  "nazionalizzavate": "nationalized",
  "nazionalizzavi": "nationalized",
  "nazionalizzavo": "nationalized",
  "nazionalizzazione": "noun: nationalisation, nationalization",
  "nazionalizzazioni": "noun: nationalisation, nationalization;",
  "nazionalizzerà": "nationalize",
  "nazionalizzerai": "nationalize",
  "nazionalizzeranno": "nationalizing",
  "nazionalizzerebbe": "nationalize",
  "nazionalizzerebbero": "nationalize",
  "nazionalizzerei": "nationalize",
  "nazionalizzeremmo": "nationalize",
  "nazionalizzeremo": "nationalize",
  "nazionalizzereste": "nationalize",
  "nazionalizzeresti": "nationalize",
  "nazionalizzerete": "nationalize",
  "nazionalizzerò": "nationalize",
  "nazionalizzi": "nationalizing",
  "nazionalizziamo": "nationalized",
  "nazionalizziate": "nationalized",
  "nazionalizzo": "nationalized",
  "nazionalizzò": "nationalized",
  "nazionalsocialismi": "national",
  "nazionalsocialismo": "national",
  "nazione": "noun: nation, people, country, state",
  "nazioni": "noun: nation, people, country, state",
  "naziskin": "skinheads",
  "nazismi": "nazism",
  "nazismo": "noun: Nazism",
  "nazista": "adjective: Nazi;",
  "naziste": "noun: Nazism;",
  "nazisti": "noun: Nazism;",
  "nazistico": "nazi",
  "nc": "n",
  "ne": "pronoun: of it, of them, of him, of her, about it, about them;",
  "né": "conjunction: neither, nor",
  "nè": "conjunction: neither, nor",
  "neanche": "adverb: neither, not even, so much, so much as;",
  "neandertaliano": "adjective: Neanderthal",
  "nebbia": "noun: fog, mist, haze",
  "nebbie": "fog",
  "nebbiogeno": "fog",
  "nebbiolina": "noun: haze, mist",
  "nebbioline": "noun: haze, mist",
  "nebbione": "noun: fog",
  "nebbioni": "noun: fog",
  "nebbiosa": "noun: mistiness;",
  "nebbiosamente": "misty",
  "nebbiose": "noun: mistiness;",
  "nebbiosi": "noun: mistiness;",
  "nebbiosità": "noun: mistiness",
  "nebbioso": "adjective: foggy, hazy, misty",
  "nebraska": "noun: Nebraska",
  "nebulare": "adjective: nebular",
  "nebulizza": "verb: nebulise, nebulize",
  "nebulizzammo": "nebulized",
  "nebulizzando": "verb: nebulise, nebulize",
  "nebulizzano": "nebulize",
  "nebulizzante": "nebulizing",
  "nebulizzanti": "fog",
  "nebulizzar": "nebulize",
  "nebulizzare": "verb: nebulise, nebulize",
  "nebulizzarono": "nebulize",
  "nebulizzasse": "nebulize",
  "nebulizzassero": "nebulizer",
  "nebulizzassi": "aerosol",
  "nebulizzassimo": "nebulized",
  "nebulizzata": "verb: nebulise, nebulize",
  "nebulizzate": "nebulized",
  "nebulizzati": "verb: nebulise, nebulize",
  "nebulizzato": "noun: nebuliser, nebulizer, atomiser, atomizer;",
  "nebulizzatore": "noun: nebuliser, nebulizer, atomiser, atomizer",
  "nebulizzatori": "noun: nebuliser, nebulizer, atomiser, atomizer;",
  "nebulizzava": "spray",
  "nebulizzavamo": "spray",
  "nebulizzavano": "nebulize",
  "nebulizzavate": "nebulized",
  "nebulizzavi": "aerosol",
  "nebulizzavo": "nebulized",
  "nebulizzazione": "noun: nebuliser, nebulizer, atomiser, atomizer;",
  "nebulizzerà": "atomize",
  "nebulizzerai": "spray",
  "nebulizzeranno": "spraying",
  "nebulizzerebbe": "nebulize",
  "nebulizzerebbero": "nebulize",
  "nebulizzerei": "nebulize",
  "nebulizzeremmo": "nebulize",
  "nebulizzeremo": "nebulize",
  "nebulizzereste": "nebulize",
  "nebulizzeresti": "nebulize",
  "nebulizzerete": "nebulize",
  "nebulizzerò": "atomize",
  "nebulizzi": "nebulization",
  "nebulizziamo": "nebulized",
  "nebulizziate": "nebulized",
  "nebulizzo": "nebulization",
  "nebulizzò": "nebulization",
  "nebulosa": "noun: nebula",
  "nebulose": "noun: nebulosity, haziness;",
  "nebulosi": "adjective: nebulous, hazy, vague",
  "nebulosità": "noun: nebulosity, haziness",
  "nebuloso": "adjective: nebulous, hazy, vague",
  "necessaire": "noun: sponge bag, toilet case, makeup bag",
  "nécessaire": "noun: sponge bag, toilet case, makeup bag",
  "necessari": "adjective: necessary, indispensable, needful, prerequisite, requisite, required",
  "necessaria": "adverb: necessarily, of necessity, needs, perforce;",
  "necessariamente": "adverb: necessarily, of necessity, needs, perforce",
  "necessarie": "necessary",
  "necessario": "adjective: necessary, indispensable, needful, prerequisite, requisite, required",
  "necesseriamente": "necessarily involves the",
  "necessita": "noun: necessity, need, needs, want, requirement, poverty",
  "necessità": "noun: necessity, need, needs, want, requirement, poverty",
  "necessitammo": "need",
  "necessitando": "requiring",
  "necessitano": "verb: be necessary, need, be required, require, be needed",
  "necessitante": "in need",
  "necessitanti": "requiring",
  "necessitar": "need",
  "necessitare": "verb: be necessary, need, be required, require, be needed",
  "necessitarono": "need",
  "necessitasse": "should require",
  "necessitassero": "only needed",
  "necessitassi": "should require",
  "necessitassimo": "only needed",
  "necessitaste": "you require",
  "necessitasti": "you require",
  "necessitata": "verb: be necessary, need, be required, require, be needed",
  "necessitate": "",
  "necessitati": "verb: be necessary, need, be required, require, be needed",
  "necessitato": "verb: be necessary, need, be required, require, be needed",
  "necessitava": "needed",
  "necessitavamo": "we needed",
  "necessitavano": "needed",
  "necessitavate": "need",
  "necessitavi": "needed",
  "necessitavo": "i needed",
  "necessiterà": "require",
  "necessiterai": "need",
  "necessiteranno": "will need",
  "necessiterebbe": "would require",
  "necessiterebbero": "necessitate",
  "necessiterei": "need",
  "necessiteremmo": "would require",
  "necessiteremo": "need",
  "necessitereste": "would require",
  "necessiteresti": "would require",
  "necessiterete": "you need the",
  "necessiterò": "require",
  "necessiti": "need",
  "necessitiamo": "we need",
  "necessitiate": "you require",
  "necessitin": "need",
  "necessitino": "need",
  "necessito": "i need",
  "necessitò": "necessitated",
  "necrofagi": "scavengers",
  "necrofago": "scavengers",
  "necrofila": "necrophiliac",
  "necrofile": "necrophilic",
  "necrofili": "necrophiliacs",
  "necrofilia": "necrophilia",
  "necrofilo": "necrophiliac",
  "necrologi": "noun: necrology, obituary;",
  "necrologia": "noun: obituary",
  "necrologico": "noun: obituary",
  "necrologio": "noun: necrology, obituary",
  "necrologista": "noun: obituarist",
  "necromantici": "necromantic",
  "necromanzia": "necromancy",
  "necropoli": "noun: necropolis",
  "necropsia": "necropsy",
  "necroscopia": "necropsy",
  "necroscopica": "mortem",
  "necroscopiche": "necropsy",
  "necroscopici": "necropsy",
  "necroscopico": "necropsy",
  "necrosi": "noun: necrosis",
  "necrosis": "",
  "necrotico": "necrotic",
  "necton": "nekton",
  "nectonico": "necton",
  "needless": "",
  "nefanda": "nefarious",
  "nefande": "nefarious",
  "nefandezza": "vileness",
  "nefandezze": "wickedness",
  "nefandi": "adjective: vile, wicked",
  "nefando": "adjective: vile, wicked",
  "nefasta": "adjective: fateful, fatal, inauspicious, ill-omened",
  "nefaste": "adjective: fateful, fatal, inauspicious, ill-omened",
  "nefasti": "adjective: fateful, fatal, inauspicious, ill-omened",
  "nefasto": "adjective: fateful, fatal, inauspicious, ill-omened",
  "nefelometro": "nephelometer",
  "nefrectomia": "nephrectomy",
  "nefrite": "noun: nephritis, nephrite",
  "nefritico": "adjective: nephritic",
  "nefrone": "nephron",
  "nefropatia": "nephropathy",
  "nefrosi": "nephrosis",
  "nefrotomia": "nephrostomy",
  "nega": "verb: deny, refuse, disclaim, negate, withhold, repudiate, unsay, gainsay",
  "negabile": "deniable",
  "negando": "noun: negation, negative, denial, refusal, no",
  "negano": "deny",
  "negante": "negating",
  "neganti": "negating",
  "negare": "verb: deny, refuse, disclaim, negate, withhold, repudiate, unsay, gainsay",
  "negarono": "denied",
  "negarsi": "denied",
  "negasse": "denied",
  "negassero": "negated",
  "negaste": "you deny",
  "negasti": "negast",
  "negata": "denied",
  "negate": "",
  "negati": "denied",
  "negativa": "noun: negative",
  "negativamente": "adverb: negatively",
  "negative": "",
  "negativi": "adverb: negatively;",
  "negativismo": "noun: negativism",
  "negatività": "negativity",
  "negativizzarsi": "negativity",
  "negativo": "adjective: negative, minus, unfavourable, unfavorable",
  "negato": "verb: deny, refuse, disclaim, negate, withhold, repudiate, unsay, gainsay",
  "negatore": "denier",
  "negatrice": "negating",
  "negava": "denied",
  "negavamo": "we denied",
  "negavano": "denied",
  "negavo": "i denied",
  "negazione": "noun: negation, negative, denial, refusal, no",
  "negazioni": "negations",
  "negazionista": "denier",
  "negentropia": "negentropy",
  "negherà": "deny",
  "negherai": "deny",
  "negheranno": "deny",
  "negherebbe": "deny",
  "negherebbero": "deny",
  "negherei": "would deny",
  "negheremmo": "would deny",
  "negheremo": "will deny",
  "neghereste": "deny",
  "negheresti": "deny",
  "negherete": "deny",
  "negherò": "deny",
  "neghi": "deny",
  "neghiamo": "deny",
  "neghiate": "you deny",
  "neghin": "deny",
  "neghino": "deny",
  "neghittosa": "indolent",
  "neghittose": "indolent",
  "neghittosi": "indolent",
  "neghittoso": "lazy",
  "negletta": "neglected",
  "neglette": "neglected",
  "negletti": "neglected",
  "negletto": "neglected",
  "negli": "in",
  "negliga": "negligee",
  "negligano": "neglecting",
  "neglige": "",
  "negligé": "noun: negligee",
  "negligè": "noun: negligee",
  "négligé": "negligee",
  "negligei": "negligee",
  "negligemmo": "neglecting",
  "negligendo": "neglecting",
  "negligente": "adjective: negligent, careless, lax, slaphappy, slapdash, inadvertent, inattentive, slack,",
  "negligentemente": "adjective: negligent, careless, lax, slaphappy, slapdash, inadvertent, inattentive,",
  "negligenti": "adjective: negligent, careless, lax, slaphappy, slapdash, inadvertent, inattentive, slack,",
  "negligenza": "noun: negligence, carelessness, laxity, neglect",
  "negligenze": "negligence",
  "negligerai": "neglect",
  "negligeranno": "neglecting",
  "negligere": "verb: neglect",
  "negligerebbe": "neglect",
  "negligerebbero": "neglect",
  "negligerei": "neglect",
  "negligeremmo": "neglect",
  "negligeremo": "neglect",
  "negligereste": "neglect",
  "negligeresti": "neglect",
  "negligerete": "neglect",
  "negligerono": "neglect",
  "negligessero": "neglect",
  "negligete": "neglect",
  "negligeva": "neglect",
  "negligevamo": "neglecting",
  "negligevano": "neglecting",
  "negligevate": "neglect",
  "negligevi": "neglect",
  "negligevo": "neglect",
  "negligi": "negligee",
  "negligiamo": "neglecting",
  "negligiate": "neglect",
  "negligiuta": "neglect",
  "negligiute": "neglect",
  "negligiuti": "neglect",
  "negligiuto": "neglecting",
  "negligo": "negligee",
  "negligono": "neglecting",
  "nego": "deny",
  "negò": "denied",
  "negozi": "noun: shop, store",
  "negozia": "negotiates",
  "negoziabile": "adjective: negotiable",
  "negoziabili": "noun: negotiability;",
  "negoziabilità": "noun: negotiability",
  "negoziale": "negotiating",
  "negoziali": "negotiating",
  "negoziammo": "negotiate",
  "negoziamo": "negotiate",
  "negoziando": "noun: negotiations;",
  "negoziano": "negotiate",
  "negoziante": "noun: shopkeeper, storekipper, tradesman, tradeswoman, dealer, merchant, draper,",
  "negozianti": "noun: shopkeeper, storekipper, tradesman, tradeswoman, dealer, merchant, draper, chandler",
  "negoziar": "negotiate",
  "negoziare": "verb: negotiate, trade, deal in, bargain",
  "negoziarono": "negotiated",
  "negoziasse": "negotiate",
  "negoziassero": "negotiate",
  "negoziassi": "negotiate",
  "negoziassimo": "negotiate",
  "negoziata": "negotiated",
  "negoziate": "negotiated",
  "negoziati": "noun: negotiations",
  "negoziato": "noun: negotiation, talk",
  "negoziatore": "noun: negotiator",
  "negoziatori": "noun: negotiator",
  "negoziava": "negotiated",
  "negoziavamo": "negotiations were",
  "negoziavano": "negotiated",
  "negoziavate": "negotiated",
  "negoziavi": "negotiations",
  "negoziavo": "negotiated",
  "negoziazione": "noun: negotiations;",
  "negoziazioni": "negotiations",
  "negozierà": "negotiate",
  "negozierai": "negotiated",
  "negozieranno": "negotiate",
  "negozierebbe": "negotiate",
  "negozierebbero": "negotiate",
  "negozierei": "negotiate",
  "negozieremmo": "negotiate",
  "negozieremo": "negotiate",
  "negoziereste": "negotiate",
  "negozieresti": "negotiate",
  "negozierete": "negotiate",
  "negozierò": "negotiate",
  "negozin": "negotiate",
  "negozino": "negotiate",
  "negozio": "noun: shop, store",
  "negoziò": "negotiated",
  "negra": "noun: Negress",
  "negri": "negroes",
  "negriere": "slave",
  "negrieri": "slavers",
  "negriero": "slave trader",
  "negrità": "negrito",
  "negritudine": "negritude",
  "negritudini": "negritude",
  "negro": "noun: blackamoor, Negro, nigger;",
  "negroide": "adjective: Negroid",
  "negromante": "noun: necromancer",
  "negromanzia": "noun: necromancy",
  "nei": "noun: mole, slight defect, flaw",
  "nel": "in",
  "nell": "in",
  "nella": "in",
  "nelle": "in",
  "nello": "in",
  "nematodi": "nematodes",
  "nembi": "clouds",
  "nembo": "nimbus",
  "nemesi": "noun: Nemesis",
  "nemica": "adjective: enemy, hostile, adverse, averse, opposed, inimical;",
  "nemiche": "adjective: enemy, hostile, adverse, averse, opposed, inimical;",
  "nemici": "adjective: enemy, hostile, adverse, averse, opposed, inimical;",
  "nemico": "adjective: enemy, hostile, adverse, averse, opposed, inimical;",
  "nemmeno": "adverb: neither, not even;",
  "nenia": "noun: dirge",
  "nenie": "lullabies",
  "nenufaro": "water lily",
  "neo": "noun: mole, slight defect, flaw",
  "neoclassica": "adjective: neoclassic;",
  "neoclassiche": "adjective: neoclassic;",
  "neoclassici": "adjective: neoclassic;",
  "neoclassicismi": "neoclassicism",
  "neoclassicismo": "noun: neoclassicism",
  "neoclassico": "adjective: neoclassic",
  "neocolonialismo": "neocolonialism",
  "neodimio": "neodymium",
  "neoeletti": "newly elected",
  "neoeletto": "elect",
  "neofascismi": "neo-fascism",
  "neofascismo": "fascism",
  "neofascista": "neo-fascist",
  "neofasciste": "neofascist",
  "neofascisti": "neo-fascists",
  "neofita": "noun: neophyte, novice",
  "neofiti": "noun: neophyte, novice;",
  "neofito": "noun: neophyte",
  "neoformazione": "neoformation",
  "neoformazioni": "tumors",
  "neolatino": "adjective: Neo-Latin",
  "neolaureata": "graduates",
  "neolaureati": "graduates",
  "neolaureato": "graduate",
  "neolitico": "adjective: neolithic",
  "neologia": "noun: neology",
  "neologico": "noun: neology",
  "neologismi": "noun: neologism",
  "neologismo": "noun: neologism",
  "neon": "",
  "neonata": "newborn",
  "neonatale": "neonatal",
  "neonatali": "neonatal",
  "neonate": "newborn",
  "neonati": "noun: baby, infant;",
  "neonato": "noun: baby, infant;",
  "neonazismi": "neo-nazis",
  "neonazismo": "neo-nazism",
  "neonazista": "neo-nazi",
  "neonaziste": "neo-nazi",
  "neonazisti": "neo-nazis",
  "neoplasie": "cancer",
  "neoplasma": "noun: neoplasm",
  "neorealismi": "neorealism",
  "neorealismo": "noun: neorealism",
  "neotenia": "neoteny",
  "neozelandese": "adjective: New Zealand;",
  "neozelandesi": "adjective: New Zealand;",
  "neozoico": "neozoic",
  "nepal": "noun: Nepal",
  "népal": "nepal",
  "nepente": "nepenthe",
  "nepotismi": "nepotism",
  "nepotismo": "noun: nepotism",
  "nepotista": "nepotistic",
  "neppure": "conjunction: neither, nor, not even;",
  "nequizia": "iniquity",
  "nequizie": "iniquity",
  "nera": "black",
  "nerastra": "adjective: blackish, purple",
  "nerastre": "adjective: blackish, purple",
  "nerastri": "adjective: blackish, purple",
  "nerastro": "adjective: blackish, purple",
  "nerbata": "whipped",
  "nerbo": "noun: whip, lash, backbone",
  "nerboruta": "adjective: brawny, muscular, robust",
  "nerborute": "brawny",
  "nerboruti": "adjective: brawny, muscular, robust",
  "nerboruto": "adjective: brawny, muscular, robust",
  "nerbuto": "whipped",
  "nerchia": "nerc",
  "nere": "black",
  "nereide": "noun: nereid",
  "neretto": "noun: boldface",
  "nerezza": "noun: blackness, negritude, nigritude",
  "neri": "adjective: black, dark, dire, sable, tanned, gloomy",
  "neritico": "neritic",
  "nero": "adjective: black, dark, dire, sable, tanned, gloomy",
  "nerofumo": "noun: lampblack",
  "nerone": "nero",
  "nervato": "adjective: nervate",
  "nervatura": "noun: nerves, nervous system, nervation, veining, rib, branch",
  "nervature": "noun: nerves, nervous system, nervation, veining, rib, branch",
  "nervi": "noun: nerves",
  "nervina": "nervine",
  "nervine": "",
  "nervini": "adjective: nervine",
  "nervino": "adjective: nervine",
  "nervo": "noun: nerve, vein",
  "nervosa": "adverb: nervously;",
  "nervosamente": "adverb: nervously",
  "nervose": "adverb: nervously;",
  "nervosi": "adverb: nervously;",
  "nervosismi": "noun: nervousness, irritation, irritability, jitters, jumpiness, willies, bother, flurry",
  "nervosismo": "noun: nervousness, irritation, irritability, jitters, jumpiness, willies, bother, flurry",
  "nervosità": "noun: nervousness, irritation",
  "nervoso": "adjective: nervous, nervy, tense, irritable, touchy, incisive, sinewy, jittery, jumpy",
  "nervous": "",
  "nesciente": "adjective: nescient",
  "nescienza": "noun: nescience",
  "nespola": "noun: medlar, blow, punch",
  "nespolo": "noun: medlar",
  "nessi": "noun: connection, connexion, link",
  "nesso": "noun: connection, connexion, link",
  "nessuna": "pronoun: none",
  "nessune": "no",
  "nessuni": "neither",
  "nessuno": "pronoun: anybody, anyone, no one, nobody, none;",
  "nest": "",
  "nestore": "nestor",
  "net": "",
  "nether": "",
  "netherlands": "noun: Paesi Bassi",
  "netta": "noun: nectar;",
  "nettamente": "clearly",
  "nettammo": "cleansed",
  "nettando": "noun: nectar;",
  "nettano": "neptune",
  "nettar": "nectar",
  "nettare": "noun: nectar;",
  "nettàre": "nectar",
  "néttare": "nectar",
  "nettareo": "nectarean",
  "nettarina": "noun: nectarine",
  "nettario": "nectary",
  "nettarono": "nectar",
  "nettasse": "nectar",
  "nettassero": "nectar",
  "nettassi": "cleansed",
  "nettassimo": "cleansed",
  "nettata": "noun: nectar;",
  "nettate": "nectar",
  "nettati": "cleansed",
  "nettato": "noun: nectar;",
  "nettava": "net",
  "nettavamo": "tration",
  "nettavano": "neptune",
  "nettavate": "clearly",
  "nettavi": "cleansed",
  "nettavo": "tration",
  "nette": "noun: cleanness, cleanliness, clarity",
  "netterà": "netter",
  "netterai": "nectar",
  "netteranno": "neptune",
  "netterebbe": "nectar",
  "netterebbero": "nectar",
  "netterei": "nectar",
  "netteremmo": "nectar",
  "netteremo": "nectar",
  "nettereste": "clearly",
  "netteresti": "nectar",
  "netterete": "nectar",
  "netterò": "netter",
  "nettezza": "noun: cleanness, cleanliness, clarity",
  "nettezze": "clarity",
  "netti": "noun: cleanness, cleanliness, clarity;",
  "nettiamo": "tration",
  "nettiate": "nectar",
  "netto": "adjective: clean, clear, sharp, clear-cut, definite, net, emphatic, flat, neat;",
  "nettò": "net",
  "nettuniano": "neptunian",
  "nettunio": "noun: neptunium",
  "nettunismo": "neptunism",
  "nettuno": "noun: Neptune",
  "netturbini": "noun: dustman, dustbin man, garbage collector, trash man",
  "netturbino": "noun: dustman, dustbin man, garbage collector, trash man",
  "network": "",
  "neuma": "neume",
  "neurale": "adjective: neural",
  "neurastenia": "noun: neurasthenia",
  "neurite": "noun: neuritis",
  "neuritico": "neurite",
  "neuroblasto": "neuroblast",
  "neurochirurghi": "neurosurgeons",
  "neurochirurgia": "neurosurgery",
  "neurochirurgo": "neurosurgeon",
  "neurofibrilla": "neurofibrillary",
  "neurologa": "neurologist",
  "neurologi": "noun: neurologist;",
  "neurologia": "noun: neurology",
  "neurologica": "noun: neurologist;",
  "neurologiche": "adjective: neurological;",
  "neurologici": "adjective: neurological",
  "neurologico": "adjective: neurological",
  "neurologo": "noun: neurologist",
  "neuromi": "neuromas",
  "neuronale": "neuronal",
  "neurone": "neuron",
  "neuroni": "neurons",
  "neuropatia": "noun: neuropathy, neurosis",
  "neuropatico": "adjective: neuropathic;",
  "neuropatie": "noun: neuropathy, neurosis",
  "neuropatologia": "noun: neuropathology",
  "neuropsichiatra": "noun: neuropsychiatrist",
  "neuropsichiatri": "noun: neuropsychiatry;",
  "neuropsichiatria": "noun: neuropsychiatry",
  "neurosi": "noun: neurosis",
  "neurotico": "adjective: neurotic",
  "neurotomia": "neurotomy",
  "neurotossico": "neurotoxic",
  "neurovegetativa": "autonomic",
  "neurovegetativi": "autonomic",
  "neurovegetativo": "neurovegetative",
  "neutra": "adjective: neutral, neuter",
  "neutrale": "adjective: neutral, neuter, indifferent",
  "neutrali": "noun: neutrality;",
  "neutralismo": "noun: neutralism",
  "neutralista": "noun: neutralist",
  "neutraliste": "noun: neutralism;",
  "neutralisti": "noun: neutralism;",
  "neutralità": "noun: neutrality",
  "neutralizza": "verb: neutralize, neutralise, cancel, counteract, counter, stultify",
  "neutralizzammo": "neutralized",
  "neutralizzan": "neutralizes",
  "neutralizzando": "noun: neutralisation, neutralization",
  "neutralizzano": "neutralize",
  "neutralizzante": "neutralizing",
  "neutralizzanti": "neutralizing",
  "neutralizzar": "neutralize",
  "neutralizzare": "verb: neutralize, neutralise, cancel, counteract, counter, stultify",
  "neutralizzarono": "neutralized",
  "neutralizzasse": "neutralize",
  "neutralizzassero": "neutralize",
  "neutralizzassi": "cancel",
  "neutralizzassimo": "neutralize",
  "neutralizzata": "verb: neutralize, neutralise, cancel, counteract, counter, stultify;",
  "neutralizzate": "verb: neutralize, neutralise, cancel, counteract, counter, stultify;",
  "neutralizzati": "noun: neutralisation, neutralization",
  "neutralizzato": "verb: neutralize, neutralise, cancel, counteract, counter, stultify;",
  "neutralizzava": "neutralized",
  "neutralizzavamo": "neutralized",
  "neutralizzavano": "neutralized",
  "neutralizzavate": "neutralized",
  "neutralizzavi": "neutralized",
  "neutralizzavo": "neutralized",
  "neutralizzazione": "noun: neutralisation, neutralization",
  "neutralizzazioni": "neutralization",
  "neutralizzerà": "neutralize",
  "neutralizzerai": "neutralize",
  "neutralizzeranno": "neutralize",
  "neutralizzerebbe": "neutralize",
  "neutralizzerebbero": "neutralize",
  "neutralizzerei": "neutralize",
  "neutralizzeremmo": "neutralize",
  "neutralizzeremo": "neutralize",
  "neutralizzereste": "neutralize",
  "neutralizzeresti": "cancel",
  "neutralizzerete": "neutralize",
  "neutralizzerò": "neutralize",
  "neutralizzi": "neutralize",
  "neutralizziamo": "neutralize",
  "neutralizziate": "neutralized",
  "neutralizzin": "negate",
  "neutralizzino": "negate",
  "neutralizzo": "neutralizes",
  "neutralizzò": "neutralized",
  "neutre": "neutral",
  "neutri": "adjective: neutral, neuter",
  "neutrini": "neutrino",
  "neutro": "adjective: neutral, neuter",
  "neutrone": "noun: neutron",
  "neutroni": "noun: neutron",
  "nevada": "noun: Nevada",
  "nevai": "noun: snowfield",
  "nevaio": "noun: snowfield",
  "nevato": "snowcapped",
  "neve": "",
  "nevi": "snow",
  "nevica": "noun: snow, snowfall;",
  "nevicammo": "snowing",
  "nevicando": "verb: snow",
  "nevicano": "snowing",
  "nevicante": "snowing",
  "nevicanti": "snowing",
  "nevicar": "snow",
  "nevicare": "verb: snow",
  "nevicarono": "snow",
  "nevicasse": "snowing",
  "nevicassero": "snowing",
  "nevicassi": "snowing",
  "nevicassimo": "snowing",
  "nevicata": "noun: snow, snowfall",
  "nevicate": "noun: snow, snowfall;",
  "nevicati": "snow",
  "nevicato": "noun: snow, snowfall;",
  "nevicava": "verb: snow",
  "nevicavamo": "snowing",
  "nevicavano": "snowing",
  "nevicavate": "snow",
  "nevicavi": "snowing",
  "nevicavo": "snowing",
  "nevicherà": "snows",
  "nevicherai": "nevus",
  "nevicheranno": "snowing",
  "nevicherebbe": "snow",
  "nevicherebbero": "snow",
  "nevicherei": "snow",
  "nevicheremmo": "snow",
  "nevicheremo": "snow",
  "nevichereste": "snow",
  "nevicheresti": "snow",
  "nevicherete": "snow",
  "nevicherò": "will it snow",
  "nevichi": "snowing",
  "nevichiamo": "snow",
  "nevichiate": "snow",
  "nevico": "snowed",
  "nevicò": "snowed",
  "nevischi": "noun: sleet",
  "nevischia": "phrase: it sleets",
  "nevischiammo": "sleet",
  "nevischiamo": "sleet",
  "nevischiando": "sleet",
  "nevischiano": "sleet",
  "nevischiar": "sleet",
  "nevischiare": "verb: sleet",
  "nevischiarono": "sleet",
  "nevischiasse": "sleet",
  "nevischiassero": "sleet",
  "nevischiassi": "sleet",
  "nevischiassimo": "sleet",
  "nevischiata": "verb: sleet",
  "nevischiate": "sleet",
  "nevischiati": "sleet",
  "nevischiato": "phrase: it sleets;",
  "nevischiava": "sleet",
  "nevischiavamo": "sleet",
  "nevischiavano": "sleet",
  "nevischiavate": "sleet",
  "nevischiavi": "sleet",
  "nevischiavo": "sleet",
  "nevischierai": "sleet",
  "nevischieranno": "sleet",
  "nevischierebbe": "sleet",
  "nevischierebbero": "sleet",
  "nevischierei": "sleet",
  "nevischieremmo": "sleet",
  "nevischieremo": "sleet",
  "nevischiereste": "sleet",
  "nevischieresti": "sleet",
  "nevischierete": "sleet",
  "nevischio": "noun: sleet",
  "nevischiò": "sleet",
  "nevo": "nevus",
  "nevosa": "adjective: snowy",
  "nevose": "adjective: snowy",
  "nevosi": "adjective: snowy",
  "nevoso": "adjective: snowy",
  "nevralgia": "noun: neuralgia",
  "nevralgica": "adjective: neuralgic",
  "nevralgiche": "adjective: neuralgic;",
  "nevralgici": "adjective: neuralgic",
  "nevralgico": "adjective: neuralgic",
  "nevralgie": "neuralgia",
  "nevrastenia": "noun: neurasthenia",
  "nevrastenico": "adjective: neurasthenic, irritable",
  "nevrastenie": "neurasthenia",
  "nevrite": "noun: neuritis",
  "nevroglia": "neuroglia",
  "nevrosi": "noun: neurosis",
  "nevrotica": "noun: neurosis;",
  "nevrotiche": "adjective: neurotic",
  "nevrotici": "noun: neurosis;",
  "nevrotico": "adjective: neurotic",
  "newfoundland": "noun: Terranova",
  "newtoniano": "newtonian",
  "newyorchese": "new york",
  "newyorchesi": "new york",
  "ni": "adverb: no, not, nay, nope;",
  "niacina": "niacin",
  "niapponese": "noun: Japanese",
  "nibbio": "noun: kite",
  "nicaragua": "noun: Nicaragua",
  "nicaraguense": "noun: Nicaragua",
  "nicaraguensi": "nicaraguan",
  "nicchi": "shells",
  "nicchia": "noun: niche, cavity, hollow",
  "nicchiammo": "niche",
  "nicchiamo": "niche",
  "nicchiando": "verb: hesitate, shilly-shally",
  "nicchiano": "nietzschean",
  "nicchiar": "niche",
  "nicchiare": "verb: hesitate, shilly-shally",
  "nicchiarono": "shilly-shally",
  "nicchiarsi": "shilly-shally",
  "nicchiasse": "shilly-shally",
  "nicchiassero": "shilly-shally",
  "nicchiassi": "niche",
  "nicchiassimo": "niche",
  "nicchiata": "niche",
  "nicchiate": "shilly-shally",
  "nicchiati": "niche",
  "nicchiato": "verb: hesitate, shilly-shally",
  "nicchiava": "niche",
  "nicchiavamo": "niche",
  "nicchiavano": "nietzschean",
  "nicchiavate": "shilly-shally",
  "nicchiavi": "niche",
  "nicchiavo": "niche",
  "nicchie": "noun: niche, cavity, hollow",
  "nicchierai": "niche",
  "nicchieranno": "nietzschean",
  "nicchierebbe": "shilly-shally",
  "nicchierebbero": "shilly-shally",
  "nicchierei": "shilly-shally",
  "nicchieremmo": "shilly-shally",
  "nicchieremo": "shilly-shally",
  "nicchiereste": "shilly-shally",
  "nicchieresti": "shilly-shally",
  "nicchierete": "shilly-shally",
  "nicchio": "verb: hesitate, shilly-shally",
  "nicchiò": "niche",
  "niccolò": "nicholas",
  "nice": "",
  "nichel": "noun: nickel",
  "nichela": "nickel",
  "nichelammo": "nickel",
  "nichelando": "nickel",
  "nichelano": "nickel",
  "nichelar": "nickel",
  "nichelare": "nickel",
  "nichelarono": "nickel",
  "nichelasse": "nickel",
  "nichelassero": "nickel",
  "nichelassi": "nickel",
  "nichelassimo": "nickel",
  "nichelata": "nickel",
  "nichelate": "nickel",
  "nichelati": "nickel",
  "nichelato": "nickel",
  "nichelatura": "nickel",
  "nichelava": "nickel",
  "nichelavamo": "nickel",
  "nichelavano": "nickel",
  "nichelavate": "nickel",
  "nichelavi": "nickel",
  "nichelavo": "nickel",
  "nichelerai": "nickel",
  "nicheleranno": "nickel",
  "nichelerebbe": "nickel",
  "nichelerebbero": "nickel",
  "nichelerei": "nickel",
  "nicheleremmo": "nickel",
  "nicheleremo": "nickel",
  "nichelereste": "nickel",
  "nicheleresti": "nickel",
  "nichelerete": "nickel",
  "nicheli": "nicholi",
  "nicheliamo": "nickel",
  "nicheliate": "nickel",
  "nichelin": "nickels",
  "nichelina": "nickels",
  "nichelino": "nickel",
  "nichelio": "nickel",
  "nichelo": "nickel",
  "nichelò": "nickel",
  "nichilismi": "nihilism",
  "nichilismo": "noun: nihilism",
  "nichilista": "adjective: nihilistic;",
  "nichiliste": "nihilistic",
  "nichilisti": "adjective: nihilistic;",
  "nichilisto": "nihilistic",
  "nicodemo": "nicodemus",
  "nicoletta": "nicole",
  "nicolò": "nicholas",
  "nicomedo": "kocaeli",
  "nicostrato": "nicostratus",
  "nicotina": "noun: nicotine",
  "nicotinammide": "nicotinamide",
  "nicotine": "",
  "nicotinico": "nicotinic",
  "nicotinismo": "noun: nicotinism",
  "nictalopia": "noun: nyctalopia, night blindness",
  "nidi": "",
  "nidiandolo": "noun: nest egg",
  "nidiata": "noun: brood, litter",
  "nidiate": "noun: brood, litter",
  "nidifica": "verb: nest, nidificate",
  "nidificammo": "nested",
  "nidificando": "nesting",
  "nidificano": "verb: nest, nidificate",
  "nidificante": "nesting",
  "nidificanti": "verb: nest, nidificate",
  "nidificar": "nest",
  "nidificare": "verb: nest, nidificate",
  "nidificarono": "nest",
  "nidificasse": "nested",
  "nidificassero": "nested",
  "nidificassi": "nested",
  "nidificassimo": "nested",
  "nidificata": "verb: nest, nidificate",
  "nidificate": "",
  "nidificati": "nested",
  "nidificato": "verb: nest, nidificate",
  "nidificava": "nested",
  "nidificavamo": "nested",
  "nidificavano": "nested",
  "nidificavate": "nested",
  "nidificavi": "nested",
  "nidificavo": "nested",
  "nidificazione": "verb: nest, nidificate",
  "nidificherai": "nest",
  "nidificheranno": "nest",
  "nidificherebbe": "nest",
  "nidificherebbero": "nest",
  "nidificherei": "nest",
  "nidificheremmo": "nest",
  "nidificheremo": "nest",
  "nidifichereste": "nested",
  "nidificheresti": "nested",
  "nidificherete": "nested",
  "nidifichi": "nests",
  "nidifichiamo": "nested",
  "nidifichiate": "nested",
  "nidifico": "nests",
  "nidificò": "nests",
  "nido": "noun: nest, home, honeycomb, creche",
  "niellatura": "noun: niello",
  "niello": "",
  "niente": "pronoun: nothing, anything, none;",
  "nientedimeno": "adverb: actually, even",
  "nientemeno": "conjunction: no less than",
  "nietzschiano": "nietzschean",
  "niger": "noun: Niger",
  "nigeria": "noun: Nigeria",
  "nigeriana": "adjective: Nigerian",
  "nigeriane": "adjective: Nigerian",
  "nigeriani": "adjective: Nigerian",
  "nigeriano": "adjective: Nigerian",
  "nilo": "noun: Nile",
  "nimbo": "noun: halo, nimbus",
  "nimbus": "",
  "nimistà": "enmity",
  "niñera": "niner",
  "niñería": "niner",
  "ninfa": "noun: nymph",
  "ninfe": "noun: nymph",
  "ninfea": "noun: waterlily",
  "ninfeo": "noun: nymphaeum",
  "ninfetta": "nymphet",
  "ninfette": "nymphets",
  "ninfomane": "adjective: nymphomaniac",
  "ninfomania": "noun: nymphomania",
  "ninnammo": "ninna",
  "ninnananna": "noun: lullaby",
  "ninnando": "ninna",
  "ninnano": "ninna",
  "ninnar": "ninna",
  "ninnare": "ninna",
  "ninnarono": "ninna",
  "ninnasse": "ninna",
  "ninnassero": "ninna",
  "ninnassi": "ninna",
  "ninnassimo": "ninna",
  "ninnata": "ninna",
  "ninnate": "ninna",
  "ninnati": "ninna",
  "ninnato": "ninna",
  "ninnava": "ninna",
  "ninnavamo": "ninna",
  "ninnavano": "ninna",
  "ninnavate": "ninna",
  "ninnavi": "ninna",
  "ninnavo": "ninna",
  "ninnerai": "ninna",
  "ninneranno": "ninna",
  "ninnerebbe": "ninne",
  "ninnerebbero": "no one",
  "ninnerei": "ninne",
  "ninneremmo": "no one",
  "ninneremo": "no one",
  "ninnereste": "ninne",
  "ninneresti": "ninne",
  "ninnerete": "ninne",
  "ninniamo": "ninna",
  "ninniate": "ninna",
  "ninno": "no one",
  "ninnò": "ninna",
  "ninnoli": "noun: knick-knack, plaything",
  "ninnolo": "noun: knick-knack, plaything",
  "niobio": "noun: niobium",
  "nipote": "nephew",
  "nipoti": "grandchildren",
  "nipplo": "nipple",
  "nipponica": "adjective: Nipponese, Japanese",
  "nipponiche": "adjective: Nipponese, Japanese",
  "nipponici": "adjective: Nipponese, Japanese",
  "nipponico": "adjective: Nipponese, Japanese",
  "nirvana": "",
  "nistagmo": "nystagmus",
  "nit": "",
  "nitida": "adjective: clear, perspicuous, limpid, sharp, well-defined",
  "nitidamente": "clearly",
  "nitide": "adjective: clear, perspicuous, limpid, sharp, well-defined",
  "nitidezza": "adjective: clear, perspicuous, limpid, sharp, well-defined",
  "nitidezze": "sharpness",
  "nitidi": "adjective: clear, perspicuous, limpid, sharp, well-defined",
  "nitido": "adjective: clear, perspicuous, limpid, sharp, well-defined",
  "nitore": "clarity",
  "nitori": "suppliers",
  "nitrata": "nitrated",
  "nitrate": "",
  "nitrati": "noun: nitrate",
  "nitrato": "noun: nitrate",
  "nitrazione": "nitration",
  "nitrendo": "neighing",
  "nitrì": "whinnied",
  "nitriamo": "nitrate",
  "nitriate": "nitrate",
  "nitrica": "adjective: nitric",
  "nitriche": "adjective: nitric",
  "nitrici": "adjective: nitric",
  "nitrico": "adjective: nitric",
  "nitrificare": "verb: nitrify",
  "nitrificazione": "verb: nitrify",
  "nitrii": "neighing",
  "nitrimmo": "nitrite",
  "nitrir": "neighing",
  "nitrirà": "neigh",
  "nitrirai": "neighing",
  "nitriranno": "neighed",
  "nitrire": "verb: neigh, whinny",
  "nitrirebbe": "neigh",
  "nitrirebbero": "neigh",
  "nitrirei": "neigh",
  "nitriremmo": "neigh",
  "nitriremo": "neigh",
  "nitrireste": "neighing",
  "nitriresti": "neigh",
  "nitrirete": "neigh",
  "nitrirò": "neigh",
  "nitrirono": "neigh",
  "nitrisca": "neighing",
  "nitriscano": "neigh",
  "nitrisce": "verb: neigh, whinny;",
  "nitrisci": "neighing",
  "nitrisco": "neighing",
  "nitriscono": "neigh",
  "nitrissero": "neighing",
  "nitrita": "neighing",
  "nitriti": "noun: neighing",
  "nitrito": "noun: neigh, whinny, nitrite",
  "nitriva": "verb: neigh, whinny",
  "nitrivamo": "neighed",
  "nitrivano": "neighed",
  "nitrivate": "nitrate",
  "nitrivi": "neighing",
  "nitrivo": "nitrite",
  "nitro": "noun: nitre, niter",
  "nitrobenzolo": "nitrobenzene",
  "nitrocellulosa": "nitrocellulose",
  "nitroglicerina": "noun: nitroglycerine",
  "nitroso": "adjective: nitrous",
  "nitrurare": "nitriding",
  "nitrurazione": "nitriding",
  "nitruro": "nitride",
  "niutoniano": "adjective: Newtonian",
  "niveo": "adjective: snowy, snow-white",
  "nizza": "nice",
  "nizzardo": "nice",
  "nna": "nes",
  "no": "",
  "nº": "n º",
  "nobelio": "nobelium",
  "nobildonna": "noun: noblewoman, dame, milady, aristocrat",
  "nobildonne": "noun: noblewoman, dame, milady, aristocrat",
  "nobile": "adjective: noble, lordly, gentle, big, grand, great;",
  "nobili": "noun: noblesse",
  "nobiliammo": "noble",
  "nobiliamo": "noble",
  "nobiliando": "noble",
  "nobiliano": "noble",
  "nobiliar": "noble",
  "nobiliare": "adjective: noble, nobiliary",
  "nobiliari": "adjective: noble, nobiliary",
  "nobiliarono": "noble",
  "nobiliasse": "noble",
  "nobiliassero": "noble",
  "nobiliassi": "noble",
  "nobiliassimo": "noble",
  "nobiliata": "ennobles",
  "nobiliate": "noble",
  "nobiliati": "ennobles",
  "nobiliato": "noble",
  "nobiliava": "noble",
  "nobiliavamo": "noble",
  "nobiliavano": "noble",
  "nobiliavate": "noble",
  "nobiliavi": "noble",
  "nobiliavo": "noble",
  "nobilierai": "noble",
  "nobilieranno": "noble",
  "nobilierebbe": "noble",
  "nobilierebbero": "noble",
  "nobilierei": "noble",
  "nobilieremmo": "noble",
  "nobilieremo": "noble",
  "nobiliereste": "nobly",
  "nobilieresti": "noble",
  "nobilierete": "noble",
  "nobilin": "nobilini",
  "nobilino": "nobilini",
  "nobiliò": "noble",
  "nobilita": "ennobles",
  "nobilità": "nobility",
  "nobilitammo": "melamine",
  "nobilitando": "ennobling",
  "nobilitano": "ennoble",
  "nobilitante": "ennobling",
  "nobilitanti": "ennobling",
  "nobilitar": "ennoble",
  "nobilitare": "verb: dignify, ennoble",
  "nobilitarono": "ennobled",
  "nobilitasse": "ennoble",
  "nobilitassero": "melamine",
  "nobilitassi": "ennobled",
  "nobilitassimo": "ennobled",
  "nobilitaste": "nobility",
  "nobilitasti": "nobility",
  "nobilitata": "verb: dignify, ennoble",
  "nobilitate": "verb: dignify, ennoble",
  "nobilitati": "melamine",
  "nobilitato": "verb: dignify, ennoble",
  "nobilitava": "ennobled",
  "nobilitavamo": "dignified",
  "nobilitavano": "dignified",
  "nobilitavate": "ennobled",
  "nobilitavi": "melamine",
  "nobilitavo": "melamine",
  "nobilitazione": "verb: dignify, ennoble",
  "nobiliterai": "ennoble",
  "nobiliteranno": "ennoble",
  "nobiliterebbe": "ennoble",
  "nobiliterebbero": "ennoble",
  "nobiliterei": "ennoble",
  "nobiliteremmo": "ennoble",
  "nobiliteremo": "ennoble",
  "nobilitereste": "ennoble",
  "nobiliteresti": "ennobled",
  "nobiliterete": "ennoble",
  "nobiliti": "ennobles",
  "nobilitiamo": "refine",
  "nobilitiate": "ennobled",
  "nobilito": "ennobles",
  "nobilitò": "ennobled",
  "nobilmente": "adverb: nobly",
  "nobilt": "nobility",
  "nobiltà": "noun: nobility, nobleness, noblesse, knuckle",
  "nobiluomini": "noun: nobleman",
  "nobiluomo": "noun: nobleman",
  "nocca": "noun: knuckle, fetlock",
  "nocche": "noun: knuckle, fetlock",
  "nocchiere": "helmsman",
  "nocchieri": "mariners",
  "nocchiero": "pilot",
  "nocchieruto": "pilot",
  "nocchio": "noun: cone",
  "nocchiuto": "cone",
  "noccia": "harm",
  "noccio": "hazelnut",
  "nocciola": "noun: hazelnut, light brown, hazel, nut",
  "nocciolaia": "nutcracker",
  "nocciole": "noun: hazelnut, light brown, hazel, nut",
  "noccioli": "noun: stone, heart, nucleus, kernel, core, point, gist, hazel",
  "nocciolina": "noun: nuts",
  "noccioline": "noun: nuts",
  "nocciolo": "noun: stone, heart, nucleus, kernel, core, point, gist, hazel",
  "nocciòlo": "hazel",
  "nòcciolo": "core",
  "nocciono": "detract",
  "nocciuola": "hazel",
  "noce": "noun: nut, walnut",
  "noci": "noun: nut, walnut",
  "nociuto": "harmed",
  "nociva": "adjective: harmful, noxious, mischievous, noisome, ill, hurtful, injurious;",
  "nocivamente": "adverb: noisomely",
  "nocive": "adverb: noisomely",
  "nocivi": "adjective: harmful, noxious, mischievous, noisome, ill, hurtful, injurious;",
  "nocività": "harmfulness",
  "nocivo": "adjective: harmful, noxious, mischievous, noisome, ill, hurtful, injurious",
  "nocque": "harmed",
  "nocqui": "harmed",
  "nodale": "nodal",
  "nodali": "nodal",
  "node": "",
  "nodello": "fetlock",
  "nodi": "",
  "nodo": "noun: knot, tie, burl, hitch, bond, heart, crux, node, gnarl, junction, loop, tangle, kink, knob",
  "nodosa": "noun: knottiness, lump;",
  "nodose": "",
  "nodosi": "noun: knottiness, lump;",
  "nodosità": "noun: knottiness, lump",
  "nodoso": "adjective: gnarled, knobbly, knobby, knotty, nodose, cloggy, nodular",
  "nodulare": "noun: nodule",
  "nodulo": "noun: nodule",
  "noduloso": "adjective: nodulose",
  "noe": "noun: Noah",
  "noè": "noun: Noah",
  "noesi": "noesis",
  "noetica": "noetic",
  "noetico": "noetic",
  "noi": "pronoun: us, we",
  "noia": "noun: boredom, dullness, ennui, tedium, bother, trouble, nuisance, annoyance, bore",
  "noialtri": "pronoun: we",
  "noie": "trouble",
  "noiosa": "adjective: boring, dull, tedious, tiresome, stodgy, annoying, troublesome, pesky, slow, prosy,",
  "noiosamente": "tediously",
  "noiose": "adjective: boring, dull, tedious, tiresome, stodgy, annoying, troublesome, pesky, slow, prosy,",
  "noiosi": "adjective: boring, dull, tedious, tiresome, stodgy, annoying, troublesome, pesky, slow, prosy,",
  "noiosità": "boring",
  "noioso": "adjective: boring, dull, tedious, tiresome, stodgy, annoying, troublesome, pesky, slow, prosy,",
  "noleggerà": "lease",
  "noleggerai": "rentals",
  "noleggeranno": "hiring",
  "noleggerebbe": "will rent",
  "noleggerebbero": "will rent",
  "noleggerei": "will rent",
  "noleggeremmo": "will rent",
  "noleggeremo": "will rent",
  "noleggereste": "will rent",
  "noleggeresti": "will rent",
  "noleggerete": "will rent",
  "noleggerò": "lease",
  "noleggi": "noun: hire, rental, charter, freight, rent",
  "noleggia": "verb: hire, rent, charter, hire out, rent out, freight",
  "noleggiabile": "hire",
  "noleggiai": "hired",
  "noleggiammo": "we rented",
  "noleggiamo": "rent",
  "noleggiando": "hiring",
  "noleggiano": "rent",
  "noleggiante": "renter",
  "noleggianti": "renter",
  "noleggiar": "rent",
  "noleggiare": "verb: hire, rent, charter, hire out, rent out, freight",
  "noleggiarono": "hired",
  "noleggiasse": "rent",
  "noleggiassero": "rent",
  "noleggiassi": "rented",
  "noleggiassimo": "rent",
  "noleggiata": "verb: hire, rent, charter, hire out, rent out, freight;",
  "noleggiate": "chartered",
  "noleggiati": "hired",
  "noleggiato": "verb: hire, rent, charter, hire out, rent out, freight",
  "noleggiatore": "noun: hirer, renter, charterer, freighter, jobber",
  "noleggiatori": "charterers",
  "noleggiava": "leased",
  "noleggiavamo": "were renting",
  "noleggiavano": "were renting",
  "noleggiavate": "chartered",
  "noleggiavi": "hired",
  "noleggiavo": "hired",
  "noleggio": "noun: hire, rental, charter, freight, rent",
  "noleggiò": "hired",
  "nolente": "unwillingly",
  "nolenti": "unwillingly",
  "noli": "noun: hire, rent, freight",
  "nollegio": "rentable",
  "nolo": "noun: hire, rent, freight",
  "nomade": "adjective: nomadic, roving, wandering;",
  "nomadi": "adjective: nomadic, roving, wandering;",
  "nomadismi": "nomadism",
  "nomadismo": "noun: nomadism",
  "nomai": "noma",
  "nomar": "naming",
  "nomati": "named",
  "nome": "noun: first name, name, noun, nickname",
  "nomea": "reputation",
  "nomee": "name",
  "nomenclatore": "nomenclature",
  "nomenclatura": "noun: nomenclature",
  "nomenclature": "",
  "nomenklature": "nomenklatura",
  "nomerà": "monomer",
  "nomerete": "networkname",
  "nomerò": "monomer",
  "nomi": "noun: first name, name, noun, nickname",
  "nomignoli": "noun: nickname, pet name, soubriquet, sobriquet",
  "nomignolo": "noun: nickname, pet name, soubriquet, sobriquet",
  "nomin": "nominal",
  "nomina": "noun: appointment, nomination, assignment",
  "nominabile": "nameable",
  "nominai": "i named",
  "nominale": "adjective: nominal, titular, noun",
  "nominali": "adjective: nominal, titular, noun",
  "nominalismi": "nominalism",
  "nominalismo": "noun: nominalism",
  "nominalmente": "nominally",
  "nominammo": "appointed",
  "nominando": "verb: mention, nominate, name, title, appoint, designate, assign;",
  "nominano": "appoint",
  "nominante": "nominating",
  "nominanti": "nominating",
  "nominar": "appointment",
  "nominare": "verb: mention, nominate, name, title, appoint, designate, assign",
  "nominarono": "appointed",
  "nominasse": "nominate",
  "nominassero": "nominate",
  "nominassi": "nominate",
  "nominassimo": "name",
  "nominata": "appointed",
  "nominatamente": "by name",
  "nominate": "",
  "nominati": "verb: mention, nominate, name, title, appoint, designate, assign;",
  "nomination": "",
  "nominativa": "nominative",
  "nominativamente": "by name",
  "nominative": "",
  "nominativi": "adjective: nominative, registered",
  "nominatività": "a name",
  "nominativo": "adjective: nominative, registered",
  "nominato": "verb: mention, nominate, name, title, appoint, designate, assign;",
  "nominatore": "noun: nominator",
  "nominava": "appointed",
  "nominavamo": "appointed",
  "nominavano": "appoint",
  "nominavate": "appointed",
  "nominavi": "appointed",
  "nominavo": "was mentioning",
  "nominazione": "naming",
  "nomine": "appointments",
  "nominerà": "nominate",
  "nominerai": "naming",
  "nomineranno": "nominate",
  "nominerebbe": "appoint",
  "nominerebbero": "appoint",
  "nominerei": "appoint",
  "nomineremmo": "we will mention",
  "nomineremo": "appoint",
  "nominereste": "appoint",
  "nomineresti": "appoint",
  "nominerete": "appoint",
  "nominerò": "nameless",
  "nomini": "appoint",
  "nominiamo": "nominate",
  "nominiate": "appointed",
  "nominin": "appoint",
  "nominino": "appoint",
  "nomino": "nominate",
  "nominò": "appointed",
  "nomo": "nomos",
  "nomò": "he named",
  "nomogramma": "nomogram",
  "non": "",
  "nona": "noun: ninth",
  "nonagenaria": "nonagenarian",
  "nonagenario": "adjective: nonagenarian;",
  "nonagono": "nonag",
  "nonchalance": "",
  "nonché": "and",
  "nonchè": "as well",
  "nonconformismo": "nonconformity",
  "nonconformista": "nonconformist",
  "noncurante": "adjective: indifferent, careless, airy, casual, irrespective",
  "noncuranti": "adjective: indifferent, careless, airy, casual, irrespective",
  "noncuranza": "noun: carelessness, unconcern, indifference, forgetfulness, nonchalance",
  "nondimeno": "nevertheless",
  "none": "",
  "nonetto": "nonet",
  "nonio": "vernier",
  "nonna": "noun: grandmother, grandma, grandparent, granny",
  "nonne": "noun: grandmother, grandma, grandparent, granny",
  "nonnetta": "granny",
  "nonni": "noun: grandfather, grandparent, grandpa, granddad",
  "nonnina": "noun: grandma, granny",
  "nonnine": "noun: grandma, granny",
  "nonnino": "noun: grandpa, granddad",
  "nonnismi": "hazing",
  "nonnismo": "hazing",
  "nonno": "noun: grandfather, grandparent, grandpa, granddad",
  "nonnulla": "noun: trifle, nothing",
  "nono": "numeral: ninth",
  "nonostante": "preposition: despite, in spite of, after, notwithstanding, with;",
  "nonsensi": "noun: nonsense",
  "nonsenso": "noun: nonsense",
  "nontiscordardime": "forget-me",
  "nontiscordardimé": "forget-me",
  "nonuplo": "adjective: ninefold",
  "nonviolento": "nonviolent",
  "nonviolenza": "nonviolence",
  "nord": "noun: north",
  "nordafrica": "adjective: North African;",
  "nordafricana": "adjective: North African;",
  "nordafricane": "adjective: North African;",
  "nordafricani": "adjective: North African;",
  "nordafricano": "adjective: North African;",
  "nordamerica": "adjective: North American;",
  "nordamericana": "adjective: North American;",
  "nordamericane": "adjective: North American;",
  "nordamericani": "adjective: North American;",
  "nordamericano": "adjective: North American;",
  "nordest": "northeast",
  "nordica": "adjective: Nordic, north, northern",
  "nordiche": "adjective: Nordic, north, northern",
  "nordici": "adjective: Nordic, north, northern",
  "nordico": "adjective: Nordic, north, northern",
  "nordista": "northerner",
  "nordisti": "northerners",
  "nordoccidentale": "northwest",
  "nordoccidentali": "northwestern",
  "nordorientale": "northeast",
  "nordorientali": "northeast",
  "nordovest": "noun: northwest",
  "norimberga": "nuremberg",
  "norma": "noun: norm, regulation, standard, par, rule, instruction, direction, principle, guidance, custom,",
  "normale": "adjective: normal, usual, regular, common, natural",
  "normali": "adjective: normal, usual, regular, common, natural;",
  "normalità": "noun: normality, commonness",
  "normalizza": "verb: normalize",
  "normalizzammo": "normalized",
  "normalizzando": "normalizing",
  "normalizzano": "normalize",
  "normalizzante": "normalizing",
  "normalizzanti": "normalizing",
  "normalizzar": "normalize",
  "normalizzare": "verb: normalize",
  "normalizzarono": "normalized",
  "normalizzasse": "normalization",
  "normalizzassero": "normalization",
  "normalizzassi": "normalize",
  "normalizzassimo": "normalize",
  "normalizzata": "noun: normalization;",
  "normalizzate": "normalized",
  "normalizzati": "noun: normalization",
  "normalizzato": "noun: normalization;",
  "normalizzatore": "normalizer",
  "normalizzava": "normalized",
  "normalizzavamo": "normalized",
  "normalizzavano": "normalized",
  "normalizzavate": "normalized",
  "normalizzavi": "normalized",
  "normalizzavo": "normalized",
  "normalizzazione": "noun: normalization",
  "normalizzazioni": "normalization",
  "normalizzerà": "normalize",
  "normalizzerai": "normalize",
  "normalizzeranno": "normalize",
  "normalizzerebbe": "normalize",
  "normalizzerebbero": "normalize",
  "normalizzerei": "normalize",
  "normalizzeremmo": "normalize",
  "normalizzeremo": "normalize",
  "normalizzereste": "normalize",
  "normalizzeresti": "normalize",
  "normalizzerete": "normalize",
  "normalizzerò": "normalize",
  "normalizzi": "normalize",
  "normalizziamo": "normalize",
  "normalizziate": "normalized",
  "normalizzin": "normalized",
  "normalizzino": "normalized",
  "normalizzo": "normalizes",
  "normalizzò": "normalized",
  "normalmente": "adverb: normally",
  "normandia": "noun: Normandy",
  "normanna": "adjective: Norman;",
  "normanne": "adjective: Norman;",
  "normanni": "adjective: Norman;",
  "normanno": "adjective: Norman;",
  "normare": "standardize",
  "normativa": "noun: regulations, set of rules",
  "normative": "",
  "normativi": "adjective: normative;",
  "normativo": "adjective: normative",
  "normazione": "standardization",
  "norme": "noun: norm, regulation, standard, par, rule, instruction, direction, principle, guidance, custom,",
  "normografi": "stencil",
  "normografo": "stencil",
  "north": "",
  "norvegese": "adjective: Norwegian, Norse;",
  "norvegesi": "adjective: Norwegian, Norse;",
  "norvegia": "noun: Norway",
  "norway": "noun: Norvegia",
  "nosocomi": "noun: hospital",
  "nosocomio": "noun: hospital",
  "nosologia": "nosology",
  "nosologico": "nosological",
  "nostalgia": "",
  "nostalgica": "adjective: homesick, nostalgic, melancholy",
  "nostalgicamente": "nostalgically",
  "nostalgiche": "adjective: homesick, nostalgic, melancholy",
  "nostalgici": "adjective: homesick, nostalgic, melancholy",
  "nostalgico": "adjective: homesick, nostalgic, melancholy",
  "nostalgie": "nostalgia",
  "nostra": "pronoun: our",
  "nostrane": "homegrown",
  "nostrani": "our own",
  "nostre": "pronoun: our",
  "nostri": "pronoun: our",
  "nostro": "pronoun: our, ours",
  "nostromo": "noun: boatswain, bosun",
  "nota": "noun: annotation, footnote, mark, record, bill, list, note, notation, message, notice, chit, remark,",
  "notabile": "adjective: notable",
  "notabili": "adjective: notable;",
  "notabilità": "noun: notability",
  "notai": "noun: notary, notary public, solicitor",
  "notaio": "noun: notary, notary public, solicitor",
  "notammo": "noticed",
  "notando": "verb: notice, take note, note, mark, observe",
  "notano": "note",
  "notante": "scoring",
  "notanti": "scoring",
  "notare": "verb: notice, take note, note, mark, observe",
  "notariato": "notaries",
  "notarile": "adjective: notary's",
  "notarili": "adjective: notary's",
  "notarono": "noticed",
  "notasse": "notice",
  "notassero": "any noticeable",
  "notassimo": "hear stallman",
  "notaste": "you noticed",
  "notasti": "you noticed",
  "notata": "noted",
  "notate": "note",
  "notati": "noted",
  "notato": "verb: notice, take note, note, mark, observe",
  "notava": "noted",
  "notavamo": "we noticed",
  "notavano": "noticed",
  "notavo": "i noticed",
  "notazionale": "notational",
  "notazione": "noun: notation",
  "notazioni": "verb: notice, take note, note, mark, observe;",
  "note": "",
  "notebook": "",
  "noterà": "notice",
  "noterai": "notice",
  "noteranno": "notice",
  "noterebbe": "would notice",
  "noterebbero": "would notice",
  "noterei": "would notice",
  "noteremmo": "would notice",
  "noteremo": "we note",
  "notereste": "you would notice",
  "noteresti": "you would notice",
  "noterete": "notice",
  "noterò": "i will notice",
  "notevole": "adjective: notable, noticeable, remarkable, arresting, considerable, substantial, outstanding,",
  "notevoli": "adjective: notable, noticeable, remarkable, arresting, considerable, substantial, outstanding,",
  "notevolmente": "adverb: considerably",
  "noti": "verb: notice, take note, note, mark, observe;",
  "notiamo": "note",
  "notiate": "you notice",
  "notifica": "noun: notification, notice, serving",
  "notificammo": "notified",
  "notificando": "notifying",
  "notificano": "noun: notification, notice, serving",
  "notificante": "notifier",
  "notificanti": "notifying",
  "notificare": "verb: notify, announce, serve, indicate",
  "notificarono": "notify",
  "notificasse": "notifies",
  "notificassero": "give notice",
  "notificassi": "notify",
  "notificassimo": "give notice",
  "notificata": "noun: notification, notice, serving",
  "notificate": "notified",
  "notificati": "notified",
  "notificato": "noun: notification, notice, serving;",
  "notificava": "sent",
  "notificavamo": "notified",
  "notificavano": "notified",
  "notificavate": "notified",
  "notificavi": "notified",
  "notificavo": "notified",
  "notificazione": "noun: notification",
  "notificazioni": "noun: notification",
  "notifiche": "notifications",
  "notificherà": "notify",
  "notificherai": "notify",
  "notificheranno": "notify",
  "notificherebbe": "notify",
  "notificherebbero": "notify",
  "notificherei": "notify",
  "notificheremmo": "notify",
  "notificheremo": "notify",
  "notifichereste": "notify",
  "notificheresti": "notify",
  "notificherete": "notify",
  "notificherò": "notify",
  "notifichi": "notifies",
  "notifichiamo": "give notice",
  "notifichiate": "notified",
  "notifichin": "notify",
  "notifichino": "notify",
  "notifico": "notification",
  "notificò": "submitted a notification",
  "notino": "note",
  "notion": "",
  "notizia": "noun: news, piece of news, information, advice, report, word, tip",
  "notiziari": "noun: news, newsletter, newscast, bulletin",
  "notiziario": "noun: news, newsletter, newscast, bulletin",
  "notizie": "noun: news, publication, tidings",
  "noto": "adjective: known, well-known, famous, notable, noted",
  "notò": "noticed",
  "notori": "noun: notoriety;",
  "notoria": "adverb: notoriously;",
  "notoriamente": "adverb: notoriously",
  "notorie": "noun: notoriety;",
  "notorietà": "noun: notoriety",
  "notorio": "adjective: notorious, well-known",
  "nottambula": "night owl",
  "nottambule": "nocturnal",
  "nottambuli": "noun: nighthawk, night owl",
  "nottambulo": "noun: nighthawk, night owl",
  "nottata": "noun: night",
  "nottate": "noun: night",
  "notte": "noun: night",
  "nottetempo": "overnight",
  "notti": "nights",
  "nottola": "bat",
  "nottolino": "pawl",
  "nottolone": "raven",
  "nottua": "pink borer",
  "notturna": "adjective: night, nocturnal;",
  "notturne": "adjective: night, nocturnal;",
  "notturni": "adjective: night, nocturnal;",
  "notturno": "adjective: night, nocturnal;",
  "noumeno": "noun: noumenon",
  "nova": "",
  "novanta": "numeral: ninety",
  "novantenne": "adjective: ninety-year-old",
  "novantenni": "adjective: ninety-year-old",
  "novantesima": "ninetieth",
  "novantesime": "ninetieth",
  "novantesimi": "ninetieth",
  "novantesimo": "numeral: ninetieth",
  "novantina": "nineties",
  "novantine": "nineties",
  "novazione": "novation",
  "nove": "numeral: nine",
  "novecentesca": "twentieth century",
  "novecentesche": "twentieth century",
  "novecenteschi": "twentieth century",
  "novecentesco": "twentieth century",
  "novecentismo": "modernism",
  "novecento": "numeral: nine hundred",
  "novella": "noun: tale, short story",
  "novellatore": "storyteller",
  "novellatrice": "tale",
  "novelle": "noun: tale, short story",
  "novelletta": "novelette",
  "novelli": "adjective: new, early, young, newly-married",
  "novelliere": "novelist",
  "novellieri": "novelists",
  "novellina": "newbie",
  "novelline": "greenhorn",
  "novellini": "noun: abecedarian, beginner, greenhorn, recruit;",
  "novellino": "noun: abecedarian, beginner, greenhorn, recruit;",
  "novellista": "novelist",
  "novellistica": "short story",
  "novellizzazione": "novelization",
  "novello": "adjective: new, early, young, newly-married",
  "november": "noun: novembre",
  "novembre": "noun: November",
  "novembri": "noun: November",
  "novembrina": "month of november",
  "novembrine": "month of november",
  "novembrini": "month of november",
  "novembrino": "month of november",
  "novemila": "nine thousand",
  "novene": "novenas",
  "novennale": "nine-year",
  "novennali": "nine-year",
  "novera": "group",
  "noverammo": "group",
  "noverando": "group",
  "noverano": "group",
  "noverar": "enumerate",
  "noverare": "noun: group",
  "noverarono": "enumerate",
  "noverasse": "enumerate",
  "noverassero": "enumerate",
  "noverassi": "enumerate",
  "noverassimo": "group",
  "noverata": "noverato",
  "noverate": "enumerate",
  "noverati": "noverato",
  "noverato": "noun: group",
  "noverava": "enumerate",
  "noveravamo": "group",
  "noveravano": "group",
  "noveravate": "enumerate",
  "noveravi": "enumerate",
  "noveravo": "group",
  "novererai": "enumerate",
  "novereranno": "group",
  "novererebbe": "enumerate",
  "novererebbero": "enumerate",
  "novererei": "enumerate",
  "novereremmo": "enumerate",
  "novereremo": "enumerate",
  "noverereste": "enumerate",
  "novereresti": "enumerate",
  "novererete": "enumerate",
  "noveri": "noun: group",
  "noveriamo": "group",
  "noveriate": "enumerate",
  "novero": "noun: group",
  "noverò": "group",
  "novilunio": "noun: new moon",
  "novità": "noun: novelty, innovation, news, strangeness",
  "novizi": "noun: novitiate, apprenticeship;",
  "novizia": "novice",
  "noviziati": "novitiates",
  "noviziato": "noun: novitiate, apprenticeship",
  "novizie": "novices",
  "novizio": "noun: novice, beginner, apprentice",
  "novocaina": "noun: novocain, novocaine",
  "nozionale": "notional",
  "nozione": "noun: notion, idea, knowledge",
  "nozioni": "noun: notion, idea, knowledge",
  "nozionismo": "notionism",
  "nozionistica": "notional",
  "nozionistiche": "notional",
  "nozionistici": "notional",
  "nozionistico": "notional",
  "nozze": "noun: wedding, marriage, nuptials, matrimony",
  "nube": "noun: cloud",
  "nubi": "noun: cloud",
  "nubia": "",
  "nubiana": "noun: Nubia",
  "nubifragi": "noun: cloudburst",
  "nubifragio": "noun: cloudburst",
  "nubilato": "hen",
  "nubile": "",
  "nubili": "adjective: unmarried, nubile, maiden, single",
  "nuca": "noun: nape, occiput",
  "nucale": "nuchal",
  "nuche": "necks",
  "nucleare": "adjective: nuclear",
  "nucleari": "adjective: nuclear",
  "nuclearizzazione": "nuclearization",
  "nucleasi": "nuclease",
  "nuclei": "",
  "nucleica": "nucleic",
  "nucleiche": "nucleic",
  "nucleici": "nucleic",
  "nucleico": "nucleic",
  "nucleo": "noun: nucleus, core, kernel, unit, cell, group, team, squad, heart",
  "nucleone": "nucleon",
  "nucleoplasma": "nucleoplasm",
  "nucleoproteina": "nucleoprotein",
  "nucleosintesi": "nucleosynthesis",
  "nucleus": "",
  "nuda": "noun: nudity, nakedness, bareness, baldness",
  "nudamente": "nakedly",
  "nude": "",
  "nudi": "adjective: bare, stripped, plain;",
  "nudismo": "noun: nudism",
  "nudista": "noun: nudist",
  "nudiste": "noun: nudism;",
  "nudisti": "noun: nudism;",
  "nudità": "noun: nudity, nakedness, bareness, baldness",
  "nudity": "",
  "nudo": "adjective: bare, stripped, plain",
  "nudrire": "nourished",
  "nugoli": "noun: cloud",
  "nugolo": "noun: cloud",
  "nulla": "noun: naught, nil, nothing, nix;",
  "nullaggine": "nothingness",
  "nullaosta": "noun: authorization, permission",
  "nullatenente": "propertyless",
  "nullatenenti": "propertyless",
  "nulle": "null",
  "nulli": "noun: nonentity, nullity, invalidity, nothingness, nobody;",
  "nullificare": "nullify",
  "nullificazione": "nullification",
  "nullismo": "nihilism",
  "nullità": "noun: nonentity, nullity, invalidity, nothingness, nobody",
  "nullo": "adjective: null, insignificant, pointless, void, of no importance, vain",
  "nume": "noun: numen",
  "numera": "verb: number;",
  "numerabile": "adjective: numerable",
  "numerabilità": "noun: numerability",
  "numerale": "adjective: numeral;",
  "numerali": "adjective: numeral;",
  "numerammo": "numbered",
  "numerando": "numbering",
  "numerano": "numbered",
  "numerante": "numbering",
  "numeranti": "numbering",
  "numerar": "number",
  "numerare": "verb: number",
  "numerario": "noun: number, digit, act, turn, size, figure",
  "numerarono": "numbered",
  "numerasse": "many",
  "numerassero": "many",
  "numerassi": "many",
  "numerassimo": "numbering",
  "numerata": "adjective: numbered",
  "numerate": "",
  "numerati": "noun: numbering, numeration, notation;",
  "numerato": "adjective: numbered",
  "numeratore": "noun: numerator, numbering device",
  "numerava": "numbered",
  "numeravamo": "we number",
  "numeravano": "numbered",
  "numeravate": "numbered",
  "numeravi": "numbered",
  "numeravo": "numbered",
  "numerazione": "noun: numbering, numeration, notation",
  "numerazioni": "noun: numbering, numeration, notation",
  "numererà": "will number",
  "numererai": "number them",
  "numereranno": "numbering",
  "numererebbe": "number",
  "numererebbero": "number",
  "numererei": "number",
  "numereremmo": "number",
  "numereremo": "number",
  "numerereste": "many",
  "numereresti": "many",
  "numererete": "numbered",
  "numererò": "will number",
  "numeri": "noun: numbers",
  "numeriamo": "we number",
  "numeriate": "numbered",
  "numerica": "noun: numbers;",
  "numericamente": "adverb: numerically",
  "numeriche": "adverb: numerically;",
  "numerici": "adverb: numerically;",
  "numerico": "adjective: numeric, numerical",
  "numero": "noun: number, digit, act, turn, size, figure",
  "numerò": "numbered",
  "numerodellasub": "subnumber",
  "numerologia": "numerology",
  "numeros": "adjective: many",
  "numerosa": "adjective: numerous, large",
  "numerosamente": "numerically",
  "numerose": "adjective: numerous, large",
  "numerosi": "adjective: numerous, large",
  "numerosità": "numerosity",
  "numeroso": "adjective: numerous, large",
  "numi": "noun: numen",
  "numinoso": "numinous",
  "numismatica": "noun: numismatics, numismatology, coin collecting",
  "numismatiche": "noun: numismatics, numismatology, coin collecting;",
  "numismatici": "noun: numismatics, numismatology, coin collecting;",
  "numismatico": "adjective: numismatic;",
  "nummulite": "nummulites",
  "nundinale": "nundinal",
  "nunzi": "nuncios",
  "nunzia": "nuncio",
  "nunziatura": "nunciature",
  "nunziature": "nunciatures",
  "nunzio": "noun: nuncio, herald",
  "nuoccia": "harm",
  "nuocciano": "detrimental",
  "nuoccio": "harm",
  "nuocciono": "harm",
  "nuoce": "verb: harm, damage, injure, do harm, wrong",
  "nuocemmo": "harming",
  "nuocendo": "harming",
  "nuocer": "injure",
  "nuocerà": "harm",
  "nuocerai": "injure",
  "nuoceranno": "detracted",
  "nuocere": "verb: harm, damage, injure, do harm, wrong",
  "nuocerebbe": "harm",
  "nuocerebbero": "would harm",
  "nuocerei": "harm",
  "nuoceremmo": "harm",
  "nuoceremo": "harm",
  "nuocereste": "harm",
  "nuoceresti": "injure",
  "nuocerete": "harm",
  "nuocerò": "harm",
  "nuocesse": "was bad",
  "nuocessero": "would endanger",
  "nuocessi": "was bad",
  "nuocete": "harm",
  "nuoceva": "harm",
  "nuocevamo": "detracted",
  "nuocevano": "detracted",
  "nuocevate": "detracted",
  "nuocevi": "harm",
  "nuocevo": "harm",
  "nuoci": "harm",
  "nuociamo": "strongly affect",
  "nuociate": "harmed",
  "nuociuto": "harmed",
  "nuora": "noun: daughter-in-law",
  "nuore": "noun: daughter-in-law",
  "nuota": "verb: swim, float",
  "nuotai": "swam",
  "nuotammo": "swam",
  "nuotando": "verb: swim, float",
  "nuotano": "swim",
  "nuotante": "swimming",
  "nuotanti": "swimming",
  "nuotar": "swim",
  "nuotare": "verb: swim, float",
  "nuotarono": "swam",
  "nuotasse": "swim",
  "nuotassero": "swam",
  "nuotassi": "swim",
  "nuotassimo": "swam",
  "nuotata": "noun: swim",
  "nuotate": "noun: swim",
  "nuotati": "swum",
  "nuotato": "noun: swim;",
  "nuotatore": "noun: swimmer",
  "nuotatori": "noun: swimmer",
  "nuotatrice": "noun: swimmer",
  "nuotatrici": "noun: swimmer",
  "nuotava": "swam",
  "nuotavamo": "swam",
  "nuotavano": "swam",
  "nuotavate": "swim",
  "nuotavi": "swam",
  "nuotavo": "swam",
  "nuoterà": "swim",
  "nuoterai": "swim",
  "nuoteranno": "swim",
  "nuoterebbe": "swim",
  "nuoterebbero": "swim",
  "nuoterei": "swim",
  "nuoteremmo": "will swim",
  "nuoteremo": "will swim",
  "nuotereste": "swim",
  "nuoteresti": "swim",
  "nuoterete": "swim",
  "nuoterò": "swim",
  "nuoti": "noun: swimming",
  "nuotiamo": "swim",
  "nuotiate": "swim",
  "nuotin": "swim",
  "nuotino": "swim",
  "nuoto": "noun: swimming",
  "nuotò": "swam",
  "nuova": "noun: news",
  "nuovamente": "adverb: again",
  "nuovayorchese": "noun: New Yorker",
  "nuovayorchesi": "noun: New Yorker",
  "nuove": "adverb: again",
  "nuovi": "adverb: again;",
  "nuovo": "adjective: new, novel, up-to-date, fresh, different",
  "nut": "",
  "nutazione": "nutation",
  "nutrano": "nourish",
  "nutre": "feeds",
  "nutrendo": "feeding",
  "nutrente": "nourishing",
  "nutrenti": "nursing",
  "nutrì": "fed",
  "nutria": "",
  "nutriamo": "we have",
  "nutriate": "fed",
  "nutrice": "noun: nurse",
  "nutrici": "noun: nurse",
  "nutriente": "adjective: nutritious, nourishing, nutrient, nutritive, feeding",
  "nutrienti": "adjective: nutritious, nourishing, nutrient, nutritive, feeding",
  "nutrii": "fed",
  "nutrimenti": "nutrients",
  "nutrimento": "noun: nourishment, food, nurture, sustenance, feeding, nutriment, provisions, pabulum",
  "nutrimmo": "we have",
  "nutrir": "nourish",
  "nutrirà": "feed",
  "nutrirai": "feed on",
  "nutriranno": "nourish",
  "nutrire": "verb: be nutritious, feed, harbour, harbor, nourish, nurture, nurse, feel",
  "nutrirebbe": "would feed",
  "nutrirebbero": "nourish",
  "nutrirei": "feed",
  "nutriremmo": "will feed",
  "nutriremo": "will feed",
  "nutrireste": "nourish",
  "nutriresti": "eat",
  "nutrirete": "nourish",
  "nutrirò": "nourish",
  "nutrirono": "fed",
  "nutrirsi": "verb: feed on, eat",
  "nutrisse": "harbored",
  "nutrissero": "nurses",
  "nutrissi": "harbored",
  "nutrissimo": "having had",
  "nutrita": "nourished",
  "nutrite": "fed",
  "nutriti": "fed",
  "nutritiva": "nutrient",
  "nutritive": "",
  "nutritivi": "adjective: nourishing, nutritive",
  "nutritivo": "adjective: nourishing, nutritive",
  "nutritizio": "nutrient",
  "nutrito": "fed",
  "nutriva": "verb: be nutritious, feed, harbour, harbor, nourish, nurture, nurse, feel",
  "nutrivamo": "fed",
  "nutrivano": "fed",
  "nutrivate": "had",
  "nutrivi": "nourishing",
  "nutrivo": "nourished",
  "nutrizionale": "noun: feeding, nutrition, nourishment",
  "nutrizionali": "noun: feeding, nutrition, nourishment",
  "nutrizione": "noun: feeding, nutrition, nourishment",
  "nutrizioni": "nutrition",
  "nutrizionista": "nutritionist",
  "nutrizionisti": "nutritionists",
  "nutro": "i have",
  "nutrono": "verb: feed on, eat",
  "nuvola": "noun: cloud",
  "nuvolaglia": "cloud",
  "nuvolaglie": "cloud",
  "nuvole": "noun: cloud",
  "nuvoletta": "cloud",
  "nuvoli": "clouds",
  "nuvolo": "cloudy",
  "nuvolosa": "adjective: cloudy, overcast;",
  "nuvolose": "adjective: cloudy, overcast;",
  "nuvolosi": "adjective: cloudy, overcast;",
  "nuvolosità": "noun: cloudiness",
  "nuvoloso": "adjective: cloudy, overcast",
  "nuziale": "adjective: wedding, nuptial",
  "nuziali": "adjective: wedding, nuptial",
  "nylon": "",
  "noun: omnipotence, all": "powerful, almightiness",
  "noun: barley water, almond": "based cordial",
  "noun: palmiped, web": "footed bird",
  "noun: bread": "making",
  "noun: parody, travesty, burlesque, send": "up, spoof",
  "noun: passer": "by",
  "noun: sheep": "farming",
  "noun: ice": "skating, skating",
  "noun: piaster, plate, slab, hot": "plate, hob",
  "noun: pleat, fold, crease, plait, tuck, ply, crinkle, wrinkle, twist, turn, blow": "dry",
  "noun: punch, punch": "drunk",
  "noun: post": "modern",
  "noun: above": "mentioned",
  "noun: presence, attendance, turn": "out",
  "noun: four": "party government",
  "noun: slowdown, slowing": "down, letup, lag, deceleration",
  "noun: go": "getting",
  "noun: robbery, rapine, ramp, mugging, hold": "up, raid",
  "noun: realist, royalist, hard": "headed;",
  "noun: reply, answer, repeat, re": "run, replica, retort, riposte",
  "noun: postponement, sending back, return, adjournment, cross": "reference, remittal, prorogation",
  "noun: heating, warming": "up, warm-up;",
  "noun: single": "mindedness, determination, resolution, purpose",
  "noun: semester, half": "year",
  "noun: separation, parting, secession, severance, disjunction, split": "up",
  "noun: arrangement, layout, accommodation, adjustment, organization, job, placing, set": "up;",
  "noun: slogan, catch": "phrase",
  "noun: giro, rotazione, avvitamento, giretto, testa": "coda",
  "noun: down": "and-out",
  "noun: father": "in-law",
  "noun: tom": "tom",
  "noun: thriller, spine": "chiller",
  "noun: transversal, crossroad, cross": "street",
  "noun: trimester, quarter, three": "month period, term, session",
  "noun: truth, truthful, verity, low": "down, sooth",
  "noun: road, street, way, route, path, avenue, go": "ahead, course, pass;",
  "noun: holiday": "maker"
}