{
  "qatar": "noun: Qatar",
  "qua": "",
  "quà": "are here",
  "quacchera": "noun: Quakeress",
  "quaccheri": "noun: society of friends",
  "quaccherismo": "noun: Quakerism",
  "quacchero": "noun: Quaker",
  "quaderni": "noun: copybook, exercise book, quire",
  "quaderno": "noun: copybook, exercise book, quire",
  "quadra": "verb: square, balance, fit, suit, agree",
  "quadrammo": "square",
  "quadran": "quadrant",
  "quadrando": "squaring",
  "quadrangolare": "adjective: quadrangular",
  "quadrangolari": "adjective: quadrangular",
  "quadrangolo": "noun: quadrangle, quad",
  "quadrano": "squaring",
  "quadrante": "noun: face, quadrant, dial, card",
  "quadranti": "noun: face, quadrant, dial, card",
  "quadrar": "square",
  "quadrare": "verb: square, balance, fit, suit, agree",
  "quadrarono": "reconciled",
  "quadrasse": "square",
  "quadrassero": "square",
  "quadrassi": "square",
  "quadrassimo": "square",
  "quadrata": "noun: squaring;",
  "quadrate": "",
  "quadrati": "adjective: square, quadrate;",
  "quadratiche": "quadratic",
  "quadratico": "adjective: quadratic",
  "quadrato": "adjective: square, quadrate;",
  "quadratura": "noun: squaring",
  "quadrature": "",
  "quadrava": "amiss",
  "quadravamo": "reconciled",
  "quadravano": "reconciled",
  "quadravate": "square",
  "quadravi": "square",
  "quadravo": "square",
  "quadre": "square",
  "quadrello": "noun: quarry",
  "quadrerà": "collections",
  "quadrerai": "paintings",
  "quadreranno": "reconciled",
  "quadrerebbe": "square",
  "quadrerebbero": "square",
  "quadrerei": "square",
  "quadreremmo": "square",
  "quadreremo": "square",
  "quadrereste": "square",
  "quadreresti": "square",
  "quadrerete": "square",
  "quadreria": "picture gallery",
  "quadrerie": "collections",
  "quadrerò": "collections",
  "quadretta": "verb: check, checker",
  "quadrettammo": "checked",
  "quadrettando": "verb: check, checker",
  "quadrettano": "checked",
  "quadrettar": "checker",
  "quadrettare": "verb: check, checker",
  "quadrettarono": "checked",
  "quadrettasse": "checker",
  "quadrettassero": "checked",
  "quadrettassi": "squared",
  "quadrettassimo": "checked",
  "quadrettata": "adjective: checked",
  "quadrettate": "checkered",
  "quadrettati": "noun: check;",
  "quadrettato": "adjective: checked",
  "quadrettatura": "noun: check",
  "quadrettava": "verb: check, checker",
  "quadrettavamo": "checked",
  "quadrettavano": "checked",
  "quadrettavate": "checkered",
  "quadrettavi": "squared",
  "quadrettavo": "checked",
  "quadretterai": "squares",
  "quadretteranno": "checked",
  "quadretterebbe": "checker",
  "quadretterebbero": "checker",
  "quadretterei": "checker",
  "quadretteremmo": "checker",
  "quadretteremo": "checker",
  "quadrettereste": "checker",
  "quadretteresti": "checker",
  "quadretterete": "checker",
  "quadretti": "noun: picture, small check, small square",
  "quadrettiamo": "checked",
  "quadrettiate": "checkered",
  "quadrettin": "squares",
  "quadrettino": "squares",
  "quadretto": "noun: picture, small check, small square",
  "quadrettò": "picture",
  "quadri": "noun: oils, diamonds, cadre",
  "quadriamo": "square",
  "quadriate": "square",
  "quadrica": "adjective: quadric",
  "quadricipite": "quadriceps",
  "quadricipiti": "quadriceps",
  "quadrico": "adjective: quadric",
  "quadricromia": "noun: four-color process",
  "quadridimensionale": "dimensional",
  "quadriennale": "adjective: four-year, four-yearly, quadrennial, quadriennial",
  "quadriennali": "adjective: four-year, four-yearly, quadrennial, quadriennial",
  "quadriennii": "four",
  "quadriennio": "four",
  "quadrifogliato": "quatrefoil",
  "quadrifoglio": "noun: quatrefoil, four-leaf clover",
  "quadrifonia": "quadraphonic",
  "quadrifonico": "quadraphonic",
  "quadriforme": "fourfold",
  "quadriforo": "quadrifora",
  "quadrigemino": "quadrigeminal",
  "quadrighe": "chariot",
  "quadriglia": "noun: quadrille",
  "quadriglie": "noun: quadrille",
  "quadrilateri": "noun: quad, quadrangle;",
  "quadrilatero": "noun: quad, quadrangle;",
  "quadrilione": "quadrillion",
  "quadrimensionale": "four-dimensional",
  "quadrimestrale": "adjective: four-monthly",
  "quadrimestrali": "noun: four months;",
  "quadrimestre": "noun: four months",
  "quadrimotore": "noun: four-engined aircraft",
  "quadrimotori": "noun: four-engined aircraft",
  "quadrin": "tin",
  "quadrino": "noun: tin",
  "quadripartita": "adjective: quadripartite;",
  "quadripartite": "",
  "quadripartiti": "adjective: quadripartite;",
  "quadripartito": "adjective: quadripartite;",
  "quadripolo": "quadrupole",
  "quadrisillabo": "adjective: quadrisyllabic;",
  "quadrivalente": "quadrivalent",
  "quadrivio": "crossroads",
  "quadro": "noun: painting, picture, square, sight, panel, table, tableau, scene, description, management,",
  "quadrò": "squared",
  "quadromane": "quadromania",
  "quadrucci": "bricks",
  "quadrumane": "quadrumana",
  "quadrupede": "adjective: quadruped",
  "quadrupedi": "adjective: quadruped",
  "quadrupla": "quadruple",
  "quadruple": "",
  "quadrupli": "adjective: quadruple, fourfold;",
  "quadruplica": "verb: quadruple",
  "quadruplicammo": "quadrupled",
  "quadruplicando": "quadrupling",
  "quadruplicano": "verb: quadruple;",
  "quadruplicar": "quadruple",
  "quadruplicare": "verb: quadruple",
  "quadruplicarono": "quadrupled",
  "quadruplicarsi": "verb: quadruple",
  "quadruplicasse": "quadruple",
  "quadruplicassero": "quadrupled",
  "quadruplicassi": "quadruple",
  "quadruplicassimo": "quadruple",
  "quadruplicata": "quadrupled",
  "quadruplicate": "",
  "quadruplicati": "quadrupled",
  "quadruplicato": "verb: quadruple",
  "quadruplicava": "quadrupled",
  "quadruplicavamo": "quadrupled",
  "quadruplicavano": "quadruple",
  "quadruplicavate": "quadrupled",
  "quadruplicavi": "quadrupled",
  "quadruplicavo": "quadrupled",
  "quadruplicazione": "verb: quadruple",
  "quadruplice": "adjective: quadruple",
  "quadruplicherà": "quadruple",
  "quadruplicherai": "quadruple",
  "quadruplicheranno": "quadruple",
  "quadruplicherebbe": "quadruple",
  "quadruplicherebbero": "quadruple",
  "quadruplicherei": "quadruple",
  "quadruplicheremmo": "quadruple",
  "quadruplicheremo": "quadruple",
  "quadruplichereste": "quadruple",
  "quadruplicheresti": "quadruple",
  "quadruplicherete": "quadruple",
  "quadruplicherò": "quadruple",
  "quadruplichi": "quadruple",
  "quadruplichiamo": "quadrupled",
  "quadruplichiate": "quadrupled",
  "quadruplichin": "four times with",
  "quadruplichino": "four times with",
  "quadruplici": "adjective: quadruple",
  "quadruplicò": "quadrupled",
  "quadruplo": "adjective: quadruple, fourfold;",
  "quadrupolo": "quadrupole",
  "quaggiù": "adverb: hither",
  "quaglia": "noun: quail",
  "quagliarsi": "quail",
  "quaglie": "noun: quail",
  "qual": "adjective: what, which;",
  "qualche": "adjective: few, some, any, a certain amount of;",
  "qualcheduno": "someone",
  "qualcosa": "noun: something, anything, ought",
  "qualcuno": "pronoun: somebody, someone, anybody, anyone, any, some, one, a few;",
  "quale": "adjective: what, which;",
  "quali": "adjective: what, which",
  "qualifica": "noun: qualification, title, rating, appraisal",
  "qualificabile": "adjective: qualifiable",
  "qualificammo": "qualified",
  "qualificando": "qualifying",
  "qualificano": "verb: qualify",
  "qualificante": "qualifying",
  "qualificanti": "qualifying",
  "qualificar": "qualify",
  "qualificare": "verb: qualify, describe, characterize, introduce oneself",
  "qualificarono": "qualify",
  "qualificarsi": "verb: qualify",
  "qualificasse": "categorizing",
  "qualificassero": "categorizing",
  "qualificassi": "qualify",
  "qualificassimo": "qualify",
  "qualificata": "adjective: skilled, trained, qualified",
  "qualificate": "adjective: skilled, trained, qualified",
  "qualificati": "verb: qualify, describe, characterize, introduce oneself;",
  "qualificativo": "adjective: qualifying",
  "qualificato": "adjective: skilled, trained, qualified",
  "qualificatore": "qualifier",
  "qualificava": "classifying",
  "qualificavamo": "qualify",
  "qualificavano": "qualify",
  "qualificavate": "qualifying",
  "qualificavi": "qualified",
  "qualificavo": "qualified",
  "qualificazione": "noun: qualification",
  "qualificazioni": "qualifications",
  "qualifiche": "noun: qualification, title, rating, appraisal",
  "qualificherà": "qualify",
  "qualificherai": "qualify",
  "qualificheranno": "qualify",
  "qualificherebbe": "qualify",
  "qualificherebbero": "qualify",
  "qualificherei": "qualify",
  "qualificheremmo": "will qualify",
  "qualificheremo": "will qualify",
  "qualifichereste": "qualify",
  "qualificheresti": "qualify",
  "qualificherete": "qualify",
  "qualificherò": "qualify",
  "qualifichi": "verb: qualify",
  "qualifichiamo": "qualify",
  "qualifichiate": "qualifying",
  "qualifichin": "qualify",
  "qualifichino": "qualify",
  "qualifico": "qualify",
  "qualificò": "qualified",
  "qualità": "noun: quality, sort, point, asset, attribute, grade",
  "qualitativa": "adjective: qualitative",
  "qualitativamente": "adjective: qualitative",
  "qualitative": "",
  "qualitativi": "adjective: qualitative",
  "qualitativo": "adjective: qualitative",
  "qualora": "conjunction: if",
  "qualsiasi": "adjective: any, whatever, all, whichever, whatsoever",
  "qualsisia": "qualsisi",
  "qualsivoglia": "any",
  "qualunque": "adjective: any, ordinary, whatever, whichever",
  "qualunquismi": "indifference",
  "qualunquismo": "indifference",
  "qualunquista": "indifferent",
  "qualunquiste": "indifferent",
  "qualunquisti": "indifferent",
  "qualvolta": "time",
  "quando": "conjunction: when, as, whenever, than;",
  "quanta": "",
  "quante": "many",
  "quanti": "interjection: how many?",
  "quantico": "adjective: quantum, quantic",
  "quantifica": "verb: quantify",
  "quantificabile": "quantifiable",
  "quantificabili": "quantifiable",
  "quantificammo": "quantified",
  "quantificando": "quantifying",
  "quantificano": "quantify",
  "quantificante": "quantifying",
  "quantificanti": "quantifying",
  "quantificar": "quantify",
  "quantificare": "verb: quantify",
  "quantificarono": "quantified",
  "quantificasse": "quantify",
  "quantificassero": "quantify",
  "quantificassi": "quantified",
  "quantificassimo": "quantified",
  "quantificata": "quantified",
  "quantificate": "quantified",
  "quantificati": "quantified",
  "quantificato": "verb: quantify",
  "quantificatore": "quantifier",
  "quantificava": "quantified",
  "quantificavamo": "quantify",
  "quantificavano": "quantify",
  "quantificavate": "quantified",
  "quantificavi": "quantified",
  "quantificavo": "quantified",
  "quantificazione": "verb: quantify",
  "quantificazioni": "metrics",
  "quantificherà": "quantifying",
  "quantificherai": "quantify",
  "quantificheranno": "quantified",
  "quantificherebbe": "quantify",
  "quantificherebbero": "quantify",
  "quantificherei": "quantify",
  "quantificheremmo": "quantify",
  "quantificheremo": "quantify",
  "quantifichereste": "quantify",
  "quantificheresti": "quantify",
  "quantificherete": "quantify",
  "quantificherò": "quantifying",
  "quantifichi": "quantifying",
  "quantifichiamo": "quantify",
  "quantifichiate": "quantified",
  "quantifichin": "quantify",
  "quantifichino": "quantify",
  "quantifico": "quantifies",
  "quantificò": "quantified",
  "quantistico": "adjective: quantum, quantic",
  "quantità": "noun: amount, deal, lot, quantity, number, more, sum, content, mass, bulk, bunch",
  "quantitativa": "quantitative",
  "quantitativamente": "quantitatively",
  "quantitative": "",
  "quantitativi": "adjective: quantitative;",
  "quantitativo": "adjective: quantitative;",
  "quantizza": "quantize",
  "quantizzammo": "quantized",
  "quantizzando": "quantizing",
  "quantizzano": "quantized",
  "quantizzar": "quantize",
  "quantizzare": "quantize",
  "quantizzarono": "quantize",
  "quantizzasse": "quantized",
  "quantizzassero": "quantizer",
  "quantizzassi": "quantized",
  "quantizzassimo": "quantized",
  "quantizzata": "quantized",
  "quantizzate": "quantized",
  "quantizzati": "quantized",
  "quantizzato": "quantized",
  "quantizzatore": "quantizer",
  "quantizzava": "quantized",
  "quantizzavamo": "quantized",
  "quantizzavano": "quantized",
  "quantizzavate": "quantized",
  "quantizzavi": "quantized",
  "quantizzavo": "quantized",
  "quantizzazione": "quantization",
  "quantizzerai": "quantize",
  "quantizzeranno": "quantizing",
  "quantizzerebbe": "quantize",
  "quantizzerebbero": "quantize",
  "quantizzerei": "quantize",
  "quantizzeremmo": "quantize",
  "quantizzeremo": "quantize",
  "quantizzereste": "quantized",
  "quantizzeresti": "quantized",
  "quantizzerete": "quantized",
  "quantizzi": "quantize",
  "quantizziamo": "quantized",
  "quantizziate": "quantized",
  "quantizzo": "quantize",
  "quantizzò": "quantize",
  "quanto": "adverb: how many, how much, how long, what a lot, as, how, all those;",
  "quantomeno": "least",
  "quantum": "",
  "quantunque": "conjunction: albeit, although;",
  "quaranta": "numeral: forty",
  "quarantena": "noun: quarantine",
  "quarantene": "noun: quarantine",
  "quarantenne": "forty",
  "quarantenni": "forty",
  "quarantennio": "forty",
  "quarantesima": "fortieth",
  "quarantesime": "fortieth",
  "quarantesimi": "fortieth",
  "quarantesimo": "numeral: fortieth",
  "quarantina": "forties",
  "quarantine": "",
  "quarantotto": "forty",
  "quaresima": "noun: Lent",
  "quaresimale": "adjective: Lenten",
  "quaresimali": "adjective: Lenten",
  "quarta": "fourth",
  "quartabuono": "miter",
  "quartana": "quart",
  "quarte": "fourth",
  "quarterone": "quarteroni",
  "quartetti": "noun: quartette, foursome, quartet",
  "quartettista": "quartets",
  "quartetto": "noun: quartette, foursome, quartet",
  "quarti": "noun: quarter, watch, gammon;",
  "quartier": "headquarters",
  "quartiere": "noun: area, neighbourhood, neighborhood, quarter, district",
  "quartieri": "noun: area, neighbourhood, neighborhood, quarter, district",
  "quartierino": "small apartment",
  "quartiermastro": "quartermaster",
  "quartile": "noun: quartile",
  "quartina": "noun: quarter note, quatrain",
  "quartine": "noun: quarter note, quatrain",
  "quartino": "quart",
  "quarto": "",
  "quartodecimo": "fourteenth",
  "quartogenito": "fourth child",
  "quartultimo": "fourth from",
  "quarzi": "noun: quartz",
  "quarzifero": "quartz",
  "quarzite": "noun: quartzite",
  "quarzo": "noun: quartz",
  "quarzoso": "noun: quartz",
  "quasar": "noun: quasar",
  "quasi": "",
  "quassù": "up here",
  "quaterna": "quadruplet",
  "quaternario": "adjective: quaternary",
  "quaternione": "quaternion",
  "quatta": "four",
  "quattamente": "four",
  "quatte": "four",
  "quatti": "four",
  "quatto": "four",
  "quattordicenne": "fourteen",
  "quattordicenni": "fourteen",
  "quattordicesima": "fourteenth",
  "quattordicesime": "fourteenth",
  "quattordicesimi": "fourteenth",
  "quattordicesimo": "numeral: fourteenth",
  "quattordici": "numeral: fourteen",
  "quattrini": "noun: money, shekels",
  "quattrino": "noun: dough",
  "quattro": "numeral: four",
  "quattrocchi": "goldeneye",
  "quattrocentesca": "fifteenth",
  "quattrocentesche": "fifteenth",
  "quattrocenteschi": "fifteenth",
  "quattrocentesco": "fifteenth",
  "quattrocentista": "fourteenth century",
  "quattrocentisti": "adjective: quattrocentistic",
  "quattrocento": "",
  "quattromila": "numeral: four thousand",
  "que": "adverb: here, this way, hither",
  "quegli": "pronoun: those",
  "quei": "pronoun: those",
  "quel": "that",
  "quella": "adjective: that",
  "quelle": "pronoun: those",
  "quelli": "pronoun: those ones, those",
  "quello": "pronoun: that one, he, one;",
  "querce": "oaks",
  "querceto": "oak",
  "quercia": "noun: oak",
  "quercino": "dormouse",
  "querela": "noun: action, complaint",
  "querelabile": "sue",
  "querelammo": "sued",
  "querelando": "suing",
  "querelano": "noun: action, complaint",
  "querelante": "noun: complainant, prosecutrix, prosecutor, plaintiff",
  "querelanti": "noun: complainant, prosecutrix, prosecutor, plaintiff",
  "querelar": "sue",
  "querelare": "verb: bring an action against, sue",
  "querelarono": "sued",
  "querelasse": "sue",
  "querelassero": "sued",
  "querelassi": "complain",
  "querelassimo": "complain",
  "querelata": "sued",
  "querelate": "sued",
  "querelati": "sued",
  "querelato": "noun: action, complaint;",
  "querelava": "sued",
  "querelavamo": "sued",
  "querelavano": "sued",
  "querelavate": "sued",
  "querelavi": "sued",
  "querelavo": "sued",
  "querele": "noun: action, complaint;",
  "querelerà": "sue",
  "querelerai": "complain",
  "quereleranno": "suing",
  "querelerebbe": "sue",
  "querelerebbero": "sue",
  "querelerei": "sue",
  "quereleremmo": "sue",
  "quereleremo": "sue",
  "querelereste": "sue",
  "quereleresti": "complain",
  "querelerete": "sue",
  "querelerò": "sue",
  "quereli": "complaint",
  "quereliamo": "sued",
  "quereliate": "sued",
  "querelle": "controversy",
  "querelo": "complaint",
  "querelò": "sued",
  "querimonia": "lamentations",
  "querimonie": "lamentations",
  "querula": "querulous",
  "querule": "querulous",
  "queruli": "adjective: maudlin, querulous",
  "querulo": "adjective: maudlin, querulous",
  "quesiti": "questions",
  "quesito": "question",
  "quesìto": "question",
  "questa": "adjective: this",
  "queste": "adjective: these",
  "questi": "adjective: some;",
  "questiona": "questionnaire",
  "questionabile": "questionable",
  "questionammo": "questionnaire",
  "questionando": "questionnaire",
  "questionano": "questionnaire",
  "questionar": "questionnaires",
  "questionare": "questioning",
  "questionari": "noun: questionnaire",
  "questionario": "noun: questionnaire",
  "questionarono": "questionnaires",
  "questionasse": "questioning",
  "questionassero": "questionnaires",
  "questionassi": "questionnaires",
  "questionassimo": "questionable",
  "questionata": "questionnaires",
  "questionate": "questionnaires",
  "questionati": "questionnaires",
  "questionato": "questionnaires",
  "questionava": "questionnaire",
  "questionavamo": "questionnaire",
  "questionavano": "questionnaire",
  "questionavate": "questionable",
  "questionavi": "questionnaires",
  "questionavo": "questionnaire",
  "questione": "noun: question, matter, issue, point, case",
  "questionerà": "questioner",
  "questionerai": "question",
  "questioneranno": "question",
  "questionerebbe": "questioning",
  "questionerebbero": "questioning",
  "questionerei": "questioning",
  "questioneremmo": "questioning",
  "questioneremo": "questioning",
  "questionereste": "questioning",
  "questioneresti": "questionnaires",
  "questionerete": "questioning",
  "questionerò": "questioner",
  "questioni": "noun: question, matter, issue, point, case",
  "questioniamo": "issues",
  "questioniate": "questionnaires",
  "questiono": "address such",
  "questionò": "address such",
  "questo": "pronoun: this one, such, one, he;",
  "questore": "noun: police force",
  "questori": "quaestors",
  "questua": "begging",
  "questuammo": "begging",
  "questuando": "begging",
  "questuano": "begging",
  "questuante": "mendicant",
  "questuanti": "beggars",
  "questuar": "begging",
  "questuare": "beg",
  "questuarono": "begging",
  "questuasse": "beg",
  "questuassero": "begging",
  "questuassi": "begging",
  "questuassimo": "begging",
  "questuata": "begging",
  "questuate": "beg",
  "questuati": "begging",
  "questuato": "begging",
  "questuava": "begging",
  "questuavamo": "begging",
  "questuavano": "begging",
  "questuavate": "beg",
  "questuavi": "begging",
  "questuavo": "begging",
  "questue": "alms",
  "questuerai": "begging",
  "questueranno": "begging",
  "questuerebbe": "beg",
  "questuerebbero": "beg",
  "questuerei": "beg",
  "questueremmo": "beg",
  "questueremo": "beg",
  "questuereste": "beg",
  "questueresti": "beg",
  "questuerete": "beg",
  "questui": "begging",
  "questuo": "begging",
  "questuò": "begging",
  "questura": "noun: police force",
  "questure": "noun: police force",
  "questurini": "policemen",
  "questurino": "policeman",
  "queue": "",
  "qui": "adverb: here, hither;",
  "quì": "here",
  "quick": "",
  "quickstep": "noun: quickstep",
  "quiddità": "quiddity",
  "quiescente": "quiescent",
  "quiescenza": "quiescence",
  "quieta": "noun: calmness, hush, quiet, quietness, stillness, rest;",
  "quietamente": "quietly",
  "quietammo": "quieted",
  "quietando": "quieted",
  "quietano": "quieted",
  "quietanza": "noun: acquittance, receipt, quittance",
  "quietanzare": "acknowledge this",
  "quietanzato": "receipted",
  "quietanze": "noun: acquittance, receipt, quittance",
  "quietar": "quieted",
  "quietare": "verb: calm, calm down, quiet, quiet down",
  "quietarono": "calm",
  "quietasse": "calm",
  "quietassero": "calm",
  "quietassi": "subside",
  "quietassimo": "subside",
  "quietata": "quietened",
  "quietate": "calm",
  "quietati": "calm",
  "quietato": "quieted",
  "quietava": "quieted",
  "quietavamo": "quieted",
  "quietavano": "quieted",
  "quietavate": "quieted",
  "quietavi": "quieted",
  "quietavo": "quieted",
  "quiete": "noun: calmness, hush, quiet, quietness, stillness, rest",
  "quieterà": "quieter",
  "quieterai": "subside",
  "quieteranno": "quieted",
  "quieterebbe": "calm",
  "quieterebbero": "calm",
  "quieterei": "calm",
  "quieteremmo": "calm",
  "quieteremo": "calm",
  "quietereste": "quietly",
  "quieteresti": "subside",
  "quieterete": "calm",
  "quieterò": "quieter",
  "quieti": "noun: calmness, hush, quiet, quietness, stillness, rest;",
  "quietiamo": "quieted",
  "quietiate": "calm",
  "quietismo": "quietism",
  "quieto": "adjective: calm, quiet",
  "quietò": "quieted",
  "quinci": "hence",
  "quinconce": "quincunx",
  "quindi": "adverb: therefore, thus, thereafter, hence, thence, accordingly",
  "quindicennale": "fifteen",
  "quindicenne": "fifteen",
  "quindicenni": "olds",
  "quindicennii": "fifteen",
  "quindicennio": "fifteen",
  "quindicesima": "fifteenth",
  "quindicesime": "fifteenth",
  "quindicesimi": "fifteenth",
  "quindicesimo": "numeral: fifteenth",
  "quindici": "numeral: fifteen",
  "quindicina": "fifteen",
  "quindicinale": "adjective: five-yearly, fortnightly",
  "quindicinali": "adjective: five-yearly, fortnightly",
  "quindicine": "fortnights",
  "quinquennale": "adjective: quinquennal, quinquennial",
  "quinquennali": "adjective: quinquennal, quinquennial",
  "quinquennii": "five years",
  "quinquennio": "five",
  "quinta": "noun: quint, side scene, slip",
  "quintale": "noun: quintal",
  "quintali": "noun: quintal",
  "quinte": "noun: wing",
  "quinterno": "quire",
  "quintessenza": "noun: quintessence, epitome",
  "quintessenze": "quintessences",
  "quintessenziare": "quintessenz",
  "quintetti": "noun: quintet, fivesome",
  "quintetto": "noun: quintet, fivesome",
  "quinti": "noun: wing;",
  "quintilione": "quintillion",
  "quintilioni": "quintillion",
  "quintina": "quintuplet",
  "quinto": "adjective: fifth;",
  "quintupla": "quintuple",
  "quintuple": "",
  "quintupli": "adjective: fivefold, quintuple",
  "quintuplica": "verb: quintuple",
  "quintuplicammo": "fivefold",
  "quintuplicando": "five times",
  "quintuplicano": "verb: quintuple;",
  "quintuplicar": "quintuple",
  "quintuplicare": "verb: quintuple",
  "quintuplicarono": "fivefold",
  "quintuplicarsi": "verb: quintuple",
  "quintuplicasse": "quintuple",
  "quintuplicassero": "fivefold",
  "quintuplicassi": "quintuple",
  "quintuplicassimo": "quintuple",
  "quintuplicata": "fivefold",
  "quintuplicate": "fivefold",
  "quintuplicati": "quintupled",
  "quintuplicato": "verb: quintuple",
  "quintuplicava": "fivefold",
  "quintuplicavamo": "fivefold",
  "quintuplicavano": "fivefold",
  "quintuplicavate": "fivefold",
  "quintuplicavi": "quintupled",
  "quintuplicavo": "fivefold",
  "quintuplice": "fivefold",
  "quintuplicherai": "quintuple",
  "quintuplicheranno": "five times",
  "quintuplicherebbe": "quintuple",
  "quintuplicherebbero": "quintuple",
  "quintuplicherei": "quintuple",
  "quintuplicheremmo": "quintuple",
  "quintuplicheremo": "quintuple",
  "quintuplichereste": "quintuple",
  "quintuplicheresti": "quintuple",
  "quintuplicherete": "quintuple",
  "quintuplichi": "fivefold",
  "quintuplichiamo": "fivefold",
  "quintuplichiate": "fivefold",
  "quintuplico": "fivefold",
  "quintuplicò": "quintupled",
  "quintuplo": "adjective: fivefold, quintuple",
  "quisquilia": "trifle",
  "quisquilie": "trifles",
  "quite": "",
  "quivi": "there",
  "quiz": "",
  "quondam": "",
  "quorum": "",
  "quota": "",
  "quotammo": "dimension",
  "quotando": "verb: quote, value, list, assess",
  "quotano": "quoted",
  "quotar": "share",
  "quotare": "verb: quote, value, list, assess",
  "quotarono": "quoted",
  "quotasse": "quoted",
  "quotassero": "quoted",
  "quotassi": "go public",
  "quotassimo": "go public",
  "quotata": "noun: quotation, quotation prize, fixing, exchange rate, evaluation, price, odds",
  "quotate": "noun: quotation, quotation prize, fixing, exchange rate, evaluation, price, odds",
  "quotati": "popular",
  "quotato": "dimension",
  "quotava": "listed",
  "quotavamo": "listed",
  "quotavano": "quoted",
  "quotavate": "quoted",
  "quotavi": "popular",
  "quotavo": "dimension",
  "quotazione": "noun: quotation, quotation prize, fixing, exchange rate, evaluation, price, odds",
  "quotazioni": "noun: quotation, quotation prize, fixing, exchange rate, evaluation, price, odds",
  "quote": "",
  "quoterà": "mark it",
  "quoterai": "go public",
  "quoteranno": "be traded",
  "quoterebbe": "quote",
  "quoterebbero": "be traded",
  "quoterei": "quote",
  "quoteremmo": "be traded",
  "quoteremo": "quote",
  "quotereste": "quoted",
  "quoteresti": "go public",
  "quoterete": "quote",
  "quoterò": "mark it",
  "quoti": "daily",
  "quotiamo": "we quote",
  "quotiate": "quoted",
  "quotidiana": "adverb: daily",
  "quotidianamente": "adverb: daily",
  "quotidiane": "adverb: daily",
  "quotidiani": "adjective: daily, everyday, quotidian;",
  "quotidiano": "adjective: daily, everyday, quotidian",
  "quotizzare": "participation fee",
  "quoto": "share",
  "quotò": "share",
  "quoziente": "noun: quotient",
  "quozienti": "noun: quotient"
}