{
  "undoing, smash": "up;",
  "uadi": "wadi",
  "ubbia": "nonsense",
  "ubbidendo": "obeying",
  "ubbidì": "obeyed",
  "ubbidiamo": "obey",
  "ubbidiate": "obey",
  "ubbidiente": "adjective: obedient, dutiful",
  "ubbidientemente": "obediently",
  "ubbidienti": "noun: obedience, duty;",
  "ubbidienza": "noun: obedience, duty",
  "ubbidii": "obeyed",
  "ubbidimmo": "obey",
  "ubbidir": "obey",
  "ubbidirà": "obey",
  "ubbidirai": "obey",
  "ubbidiranno": "obey",
  "ubbidire": "verb: obey",
  "ubbidirebbe": "obey",
  "ubbidirebbero": "obey",
  "ubbidirei": "obey",
  "ubbidiremmo": "obey",
  "ubbidiremo": "obey",
  "ubbidireste": "obey",
  "ubbidiresti": "obey",
  "ubbidirete": "obey",
  "ubbidirò": "obey",
  "ubbidirono": "obeyed",
  "ubbidisca": "obey",
  "ubbidiscano": "obey",
  "ubbidisce": "verb: obey",
  "ubbidisci": "obey",
  "ubbidisco": "obey",
  "ubbidiscono": "obey",
  "ubbidisse": "obey",
  "ubbidissero": "obey",
  "ubbidissi": "obey",
  "ubbidiste": "obeys",
  "ubbidisti": "obey",
  "ubbidita": "obeyed",
  "ubbidite": "obey",
  "ubbiditi": "obeyed",
  "ubbidito": "verb: obey",
  "ubbidiva": "obeyed",
  "ubbidivamo": "obey",
  "ubbidivano": "obeyed",
  "ubbidivate": "obey",
  "ubbidivi": "obeyed",
  "ubbidivo": "obeyed",
  "ubbie": "nonsense",
  "ubertà": "affluence",
  "ubertosa": "adjective: fertile;",
  "ubertose": "noun: mellowness",
  "ubertosi": "adjective: fertile;",
  "ubertosità": "noun: mellowness",
  "ubertoso": "adjective: fertile",
  "ubica": "located",
  "ubicammo": "located",
  "ubicando": "located",
  "ubicano": "located",
  "ubicar": "locate",
  "ubicare": "locate",
  "ubicarono": "place it",
  "ubicasse": "located",
  "ubicassero": "located",
  "ubicassi": "locate itself",
  "ubicassimo": "locate itself",
  "ubicata": "located",
  "ubicate": "located",
  "ubicati": "located",
  "ubicato": "noun: site",
  "ubicava": "located",
  "ubicavamo": "located",
  "ubicavano": "located",
  "ubicavate": "located",
  "ubicavi": "located",
  "ubicavo": "located",
  "ubicazione": "noun: site",
  "ubicazioni": "locations",
  "ubicherà": "will place",
  "ubicherai": "locate itself",
  "ubicheranno": "located",
  "ubicherebbe": "locate",
  "ubicherebbero": "locate",
  "ubicherei": "locate",
  "ubicheremmo": "locate",
  "ubicheremo": "locate",
  "ubichereste": "located",
  "ubicheresti": "locate itself",
  "ubicherete": "located",
  "ubicherò": "will place",
  "ubichi": "located",
  "ubichiamo": "located",
  "ubichiate": "located",
  "ubicò": "ubico",
  "ubiquità": "noun: ubiquity",
  "ubiquitariamente": "ubiquitously",
  "ubriaca": "verb: inebriate, make drunk, intoxicate;",
  "ubriacai": "drunk",
  "ubriacamento": "drunk",
  "ubriacammo": "got drunk",
  "ubriacando": "verb: inebriate, make drunk, intoxicate",
  "ubriacano": "drunk",
  "ubriacante": "intoxicating",
  "ubriacanti": "intoxicating",
  "ubriacar": "intoxicate",
  "ubriacare": "verb: inebriate, make drunk, intoxicate",
  "ubriacarono": "drunk",
  "ubriacarsi": "drunk",
  "ubriacasse": "drunk",
  "ubriacassero": "get drunk",
  "ubriacassi": "drunk",
  "ubriacassimo": "get drunk",
  "ubriacata": "drunk",
  "ubriacate": "verb: inebriate, make drunk, intoxicate",
  "ubriacati": "drunk",
  "ubriacato": "verb: inebriate, make drunk, intoxicate",
  "ubriacatura": "drunkenness",
  "ubriacature": "drunkenness",
  "ubriacava": "drunk",
  "ubriacavamo": "drunk",
  "ubriacavano": "drunk",
  "ubriacavate": "drunk",
  "ubriacavi": "drunk",
  "ubriacavo": "drunk",
  "ubriache": "drunk",
  "ubriacherà": "drunk",
  "ubriacherai": "drunk",
  "ubriacheranno": "drunk",
  "ubriacherebbe": "intoxicate",
  "ubriacherebbero": "get drunk",
  "ubriacherei": "drunk",
  "ubriacheremmo": "drunk",
  "ubriacheremo": "drunk",
  "ubriachereste": "drunk",
  "ubriacheresti": "drunk",
  "ubriacherete": "drunk",
  "ubriacherò": "drunk",
  "ubriachezza": "noun: drunkenness, intoxication",
  "ubriachi": "adjective: drunk, drunken, inebriate, plastered, tight",
  "ubriachiamo": "drunk",
  "ubriachiate": "drunk",
  "ubriaco": "adjective: drunk, drunken, inebriate, plastered, tight",
  "ubriacò": "drunk",
  "ubriacone": "noun: drunkard, swiller, sot, toper",
  "ubriaconi": "noun: drunkard, swiller, sot, toper",
  "uccellacci": "hawks",
  "uccellaccio": "bird",
  "uccellagione": "noun: fowling, wildfowl",
  "uccellammo": "hawking",
  "uccellando": "hawking",
  "uccellano": "hawking",
  "uccellar": "hawking",
  "uccellare": "hawking",
  "uccellarono": "bird",
  "uccellasse": "hawking",
  "uccellassero": "bird",
  "uccellassi": "birds",
  "uccellassimo": "hawking",
  "uccellata": "hawking",
  "uccellate": "hawking",
  "uccellati": "birds",
  "uccellato": "noun: fowler",
  "uccellatore": "noun: fowler",
  "uccellava": "hawking",
  "uccellavamo": "hawking",
  "uccellavano": "hawking",
  "uccellavate": "fowler",
  "uccellavi": "birds",
  "uccellavo": "bird",
  "uccellerà": "bird cage",
  "uccellerai": "birds",
  "uccelleranno": "hawking",
  "uccellerebbe": "aviaries",
  "uccellerebbero": "aviaries",
  "uccellerei": "aviaries",
  "uccelleremmo": "aviaries",
  "uccelleremo": "aviaries",
  "uccellereste": "aviaries",
  "uccelleresti": "aviaries",
  "uccellerete": "aviaries",
  "uccelleria": "noun: bird cage",
  "uccellerò": "bird cage",
  "uccelletto": "bird",
  "uccelli": "noun: bird, fowl, dick",
  "uccelliamo": "birds",
  "uccelliate": "aviaries",
  "uccelliera": "noun: aviary",
  "uccellin": "little birds",
  "uccellina": "the bird",
  "uccellini": "noun: birdie, baby bird, chick, fledgling",
  "uccellino": "noun: birdie, baby bird, chick, fledgling",
  "uccello": "noun: bird, fowl, dick",
  "uccellò": "birds",
  "uccida": "kill",
  "uccidano": "kill",
  "uccide": "verb: get killed, kill, murder, dispatch, despatch, slay, kill oneself, bump off",
  "uccidemmo": "slay",
  "uccidendo": "killing",
  "uccider": "kill",
  "ucciderà": "kill",
  "ucciderai": "kill",
  "uccideranno": "kill",
  "uccidere": "verb: get killed, kill, murder, dispatch, despatch, slay, kill oneself, bump off",
  "ucciderebbe": "kill",
  "ucciderebbero": "kill",
  "ucciderei": "kill",
  "uccideremmo": "kill",
  "uccideremo": "kill",
  "uccidereste": "would kill",
  "uccideresti": "kill",
  "ucciderete": "kill",
  "ucciderò": "kill",
  "uccidersi": "kill",
  "uccidesse": "kill",
  "uccidessero": "kill",
  "uccidessi": "slay",
  "uccidessimo": "were killing",
  "uccideste": "slew",
  "uccidesti": "killed him",
  "uccidete": "kill",
  "uccideva": "killed",
  "uccidevamo": "killed",
  "uccidevano": "killed",
  "uccidevate": "kill",
  "uccidevi": "killed",
  "uccidevo": "i killed",
  "uccidi": "kill",
  "uccidiamo": "kill",
  "uccidiate": "kill",
  "uccido": "kill",
  "uccidono": "verb: get killed, kill, murder, dispatch, despatch, slay, kill oneself, bump off",
  "uccisa": "noun: killing, kill, murder",
  "uccise": "killed",
  "ucciser": "killed",
  "uccisero": "killed",
  "uccisi": "noun: killing, kill, murder",
  "uccisione": "noun: killing, kill, murder",
  "uccisioni": "noun: killing, kill, murder",
  "ucciso": "verb: get killed, kill, murder, dispatch, despatch, slay, kill oneself, bump off;",
  "uccisore": "noun: killer, slayer",
  "uccisori": "noun: killer, slayer",
  "ucello": "birds",
  "ucraina": "noun: Ukraine",
  "ucraine": "noun: Ukrainian, Ukrainian language;",
  "ucraini": "noun: Ukrainian, Ukrainian language;",
  "ucraino": "noun: Ukrainian, Ukrainian language;",
  "udendo": "hearing",
  "udente": "hearing",
  "udenti": "deaf",
  "udi": "heard",
  "udì": "heard",
  "udiamo": "hear",
  "udiate": "will hear",
  "udibile": "adjective: audible",
  "udibili": "adjective: audible",
  "udibilità": "audibility",
  "udienza": "noun: audience, hearing, interview",
  "udienze": "hearings",
  "udii": "i heard",
  "udimmo": "heard",
  "udir": "hear",
  "udirà": "hear",
  "udirai": "will hear",
  "udiranno": "hear",
  "udire": "verb: hear",
  "udirebbe": "would hear",
  "udiremmo": "hear",
  "udiremo": "will hear",
  "udirete": "you will hear",
  "udirò": "i will hear",
  "udiron": "heard him",
  "udirono": "heard",
  "udisse": "hear",
  "udisser": "should hear",
  "udissero": "should hear",
  "udissi": "i heard",
  "udiste": "you heard",
  "udisti": "you heard",
  "udita": "noun: hearing;",
  "udite": "hear",
  "uditi": "noun: hearing",
  "uditiva": "adjective: auditive",
  "uditive": "adjective: auditive",
  "uditivi": "adjective: auditive",
  "uditivo": "adjective: auditive",
  "udito": "noun: hearing",
  "uditore": "noun: auditor",
  "uditori": "noun: audience, auditory;",
  "uditoria": "noun: audience, auditory;",
  "uditorie": "noun: audience, auditory;",
  "uditorio": "noun: audience, auditory;",
  "udiva": "heard",
  "udivamo": "we heard",
  "udivano": "heard",
  "udivate": "hear",
  "udivi": "heard",
  "udivo": "i heard",
  "ue": "u",
  "ueo": "weu",
  "uffa": "ugh",
  "ufficerai": "offices",
  "ufficeranno": "officiated",
  "ufficerebbe": "officiate",
  "ufficerebbero": "office",
  "ufficerei": "offices",
  "ufficeremmo": "office",
  "ufficeremo": "office",
  "ufficereste": "unofficial",
  "ufficeresti": "unofficial",
  "ufficerete": "unofficial",
  "uffici": "noun: office, agency, bureau, department, duty, function, curacy",
  "ufficia": "verb: officiate",
  "ufficiale": "adjective: official, solemn;",
  "ufficiali": "adjective: official, solemn;",
  "ufficialità": "official",
  "ufficializza": "formalizes",
  "ufficializzammo": "official",
  "ufficializzando": "formalizing",
  "ufficializzano": "formalized",
  "ufficializzar": "formalize",
  "ufficializzare": "formalize",
  "ufficializzarono": "formalized",
  "ufficializzasse": "formalize",
  "ufficializzassero": "official",
  "ufficializzassi": "official,",
  "ufficializzassimo": "official,",
  "ufficializzata": "official",
  "ufficializzate": "formalized",
  "ufficializzati": "formalized",
  "ufficializzato": "official",
  "ufficializzava": "officially announced",
  "ufficializzavamo": "officially announced",
  "ufficializzavano": "formalized",
  "ufficializzavate": "formalized",
  "ufficializzavi": "formalized",
  "ufficializzavo": "official",
  "ufficializzerai": "official,",
  "ufficializzeranno": "formalizing",
  "ufficializzerebbe": "formalize",
  "ufficializzerebbero": "formalize",
  "ufficializzerei": "formalize",
  "ufficializzeremmo": "formalize",
  "ufficializzeremo": "formalize",
  "ufficializzereste": "formalize",
  "ufficializzeresti": "formalize",
  "ufficializzerete": "formalize",
  "ufficializzi": "formalizes",
  "ufficializziamo": "official",
  "ufficializziate": "formalized",
  "ufficializzo": "formalizes",
  "ufficializzò": "formalizes",
  "ufficialmente": "officially",
  "ufficiammo": "officiated",
  "ufficiamo": "officiated",
  "ufficiando": "officiated",
  "ufficiano": "verb: officiate",
  "ufficiante": "noun: officiant",
  "ufficianti": "noun: officiant",
  "ufficiar": "officiate",
  "ufficiare": "verb: officiate",
  "ufficiarono": "unofficial",
  "ufficiasse": "officiate",
  "ufficiassero": "unofficial",
  "ufficiassi": "unofficial",
  "ufficiassimo": "unofficial",
  "ufficiata": "officiated",
  "ufficiate": "officiate",
  "ufficiati": "officiated",
  "ufficiato": "verb: officiate",
  "ufficiatura": "officiating",
  "ufficiava": "officiated",
  "ufficiavamo": "officiated",
  "ufficiavano": "officiated",
  "ufficiavate": "officiate",
  "ufficiavi": "unofficial",
  "ufficiavo": "officiated",
  "ufficio": "noun: office, agency, bureau, department, duty, function, curacy",
  "ufficiò": "officiated",
  "ufficiosa": "adjective: unofficial, officious",
  "ufficiosamente": "unofficially",
  "ufficiose": "unofficial",
  "ufficiosi": "adjective: unofficial, officious",
  "ufficioso": "adjective: unofficial, officious",
  "uffizio": "office",
  "ufo": "abbreviation: UFO",
  "ufologia": "ufology",
  "uganda": "noun: Uganda",
  "ugandese": "noun: Uganda",
  "ugando": "uganda",
  "ugello": "noun: nozzle, jet",
  "uggia": "noun: boredom, nuisance",
  "uggiare": "noun: boredom, nuisance",
  "uggiola": "whined",
  "uggiolamento": "whined",
  "uggiolammo": "whined",
  "uggiolando": "whining",
  "uggiolano": "whined",
  "uggiolante": "whining",
  "uggiolanti": "whining",
  "uggiolar": "whine",
  "uggiolare": "verb: whine, whimper",
  "uggiolarono": "whine",
  "uggiolasse": "whine",
  "uggiolassero": "whine",
  "uggiolassi": "whine",
  "uggiolassimo": "whimper",
  "uggiolata": "whined",
  "uggiolate": "whine",
  "uggiolati": "whined",
  "uggiolato": "whined",
  "uggiolava": "whine",
  "uggiolavamo": "whined",
  "uggiolavano": "whined",
  "uggiolavate": "whine",
  "uggiolavi": "whine",
  "uggiolavo": "whined",
  "uggiolerai": "whine",
  "uggioleranno": "whining",
  "uggiolerebbe": "whine",
  "uggiolerebbero": "whine",
  "uggiolerei": "whine",
  "uggioleremmo": "whine",
  "uggioleremo": "whine",
  "uggiolereste": "whine",
  "uggioleresti": "whine",
  "uggiolerete": "whine",
  "uggioli": "whimper",
  "uggioliamo": "whimper",
  "uggioliate": "whine",
  "uggiolio": "noun: whine, whimper",
  "uggiolìo": "whimper",
  "uggiolo": "whimper",
  "uggiolò": "whined",
  "uggiosa": "dull",
  "uggiose": "dull",
  "uggiosi": "dull",
  "uggiosità": "dull",
  "uggioso": "dull",
  "ugola": "noun: uvula",
  "ugolare": "uvula",
  "ugole": "noun: uvula",
  "ugonotta": "noun: Huguenot",
  "ugonotte": "noun: Huguenot",
  "ugonotti": "noun: Huguenot",
  "ugonotto": "noun: Huguenot",
  "uguagli": "equals",
  "uguaglia": "verb: equal, make equal, be equal, even, equalise, equalize, touch, equate, tie, level, match",
  "uguagliamento": "noun: equalisation, equalization",
  "uguagliammo": "equaled",
  "uguagliamo": "equaled",
  "uguagliando": "noun: equalisation, equalization;",
  "uguagliano": "verb: equal, make equal, be equal, even, equalise, equalize, touch, equate, tie, level, match",
  "uguagliante": "equaling",
  "uguaglianti": "equaling",
  "uguaglianza": "noun: equality, evenness",
  "uguaglianze": "noun: equality, evenness",
  "uguagliar": "match",
  "uguagliare": "verb: equal, make equal, be equal, even, equalise, equalize, touch, equate, tie, level, match",
  "uguagliarono": "equaled",
  "uguagliasse": "match",
  "uguagliassero": "match",
  "uguagliassi": "equalize",
  "uguagliassimo": "equalize",
  "uguagliata": "equaled",
  "uguagliate": "equaled",
  "uguagliati": "verb: equal, make equal, be equal, even, equalise, equalize, touch, equate, tie, level, match",
  "uguagliato": "noun: equalisation, equalization;",
  "uguagliava": "equaled",
  "uguagliavamo": "equaled",
  "uguagliavano": "equaled",
  "uguagliavate": "equaled",
  "uguagliavi": "matched",
  "uguagliavo": "equaled",
  "uguaglierà": "will equal",
  "uguaglierai": "equalize",
  "uguaglieranno": "equating",
  "uguaglierebbe": "would equal",
  "uguaglierebbero": "would equal",
  "uguaglierei": "match",
  "uguaglieremmo": "match your",
  "uguaglieremo": "match your",
  "uguagliereste": "would equal",
  "uguaglieresti": "match your",
  "uguaglierete": "would equal",
  "uguaglierò": "will equal",
  "uguaglio": "equals",
  "uguagliò": "equaled",
  "uguale": "adjective: equal, identical, identic, same, like, even, uniform, tantamount, coordinate;",
  "uguali": "adverb: equally, all the same, just the same, alike, evenly;",
  "ugualiare": "equal",
  "ugualità": "equality in",
  "ugualitarismo": "egalitarianism",
  "ugualizzare": "shaving",
  "ugualmente": "adverb: equally, all the same, just the same, alike, evenly",
  "uistiti": "marmosets",
  "ukase": "",
  "ukraine": "noun: Ucraina",
  "ulani": "lancers",
  "ulano": "uhlan",
  "ulcera": "noun: ulcer, sore",
  "ulceramento": "ulcerated",
  "ulcerare": "verb: canker, ulcerate",
  "ulcerate": "",
  "ulcerazione": "noun: ulceration",
  "ulcere": "noun: ulcer, sore",
  "ulcerosa": "adjective: cankerous",
  "ulcerose": "adjective: cankerous",
  "ulcerosi": "adjective: cankerous",
  "ulceroso": "adjective: cankerous",
  "ulisse": "ulysses",
  "uliva": "noun: olive",
  "ulivi": "olive",
  "ulivo": "noun: olive",
  "ulna": "",
  "ulnare": "noun: ulna",
  "ulster": "",
  "ulteriore": "adjective: further, later, ulterior",
  "ulteriori": "adverb: further",
  "ulteriormente": "adverb: further",
  "ultima": "",
  "ultimai": "ultimae",
  "ultimamente": "adverb: lately, of late, last",
  "ultimammo": "completed",
  "ultiman": "ultimania",
  "ultimando": "completing",
  "ultimano": "completed",
  "ultimare": "verb: finish, complete, finalize",
  "ultimarono": "finalizing",
  "ultimasse": "complete",
  "ultimassero": "completed",
  "ultimassi": "completed",
  "ultimassimo": "ultimate",
  "ultimata": "completed",
  "ultimate": "",
  "ultimati": "completed",
  "ultimativa": "ultimate",
  "ultimativi": "ultimate",
  "ultimativo": "ultimate",
  "ultimato": "verb: finish, complete, finalize",
  "ultimatum": "",
  "ultimava": "completed",
  "ultimavamo": "completed",
  "ultimavano": "completed",
  "ultimavate": "completed",
  "ultimavi": "completed",
  "ultimavo": "completed",
  "ultimazione": "verb: finish, complete, finalize",
  "ultime": "latest",
  "ultimerà": "finalize",
  "ultimerai": "finalize",
  "ultimeranno": "completing",
  "ultimerebbe": "complete",
  "ultimerebbero": "lately",
  "ultimerei": "complete",
  "ultimeremmo": "complete",
  "ultimeremo": "complete",
  "ultimereste": "lately",
  "ultimeresti": "lately",
  "ultimerete": "lately",
  "ultimerò": "finalize",
  "ultimi": "adverb: lately, of late, last",
  "ultimiamo": "completed",
  "ultimiate": "completed",
  "ultimissime": "noun: stop press",
  "ultimissimo": "noun: stop press",
  "ultimo": "",
  "ultimò": "he finished",
  "ultimogenito": "youngest",
  "ultra": "",
  "ultrà": "ultras",
  "ultracentenario": "century old",
  "ultracorta": "ultrashort",
  "ultracorte": "ultrashort",
  "ultracorti": "ultrashort",
  "ultracorto": "ultrashort",
  "ultramarino": "adjective: ultramarine",
  "ultramicroscopio": "ultramicroscopic",
  "ultramoderna": "adjective: ultramodern",
  "ultramoderne": "ultramodern",
  "ultramoderni": "adjective: ultramodern",
  "ultramoderno": "adjective: ultramodern",
  "ultramontanismo": "ultramontanism",
  "ultramontano": "ultramontane",
  "ultrapiatto": "ultra",
  "ultrarapida": "ultrafast",
  "ultrarapide": "ultrafast",
  "ultrarapidi": "ultrafast",
  "ultrarapido": "ultrafast",
  "ultrasensibile": "ultrasensitive",
  "ultrasensibili": "ultrasensitive",
  "ultrasonico": "adjective: ultrasonic",
  "ultrastruttura": "ultrastructure",
  "ultrasuoni": "ultrasound",
  "ultrasuono": "noun: ultrasound",
  "ultraterrena": "otherworldly",
  "ultraterrene": "otherworldly",
  "ultraterreni": "otherworldly",
  "ultraterreno": "otherworldly",
  "ultravioletta": "adjective: ultraviolet;",
  "ultraviolette": "ultraviolet",
  "ultravioletti": "adjective: ultraviolet;",
  "ultravioletto": "adjective: ultraviolet;",
  "ultravuoto": "ultra",
  "ulula": "noun: howl, yowl;",
  "ululammo": "howl",
  "ululando": "verb: ululate, howl, yowl",
  "ululano": "noun: howl, yowl",
  "ululante": "verb: ululate, howl, yowl",
  "ululanti": "howling",
  "ulular": "howl",
  "ululare": "verb: ululate, howl, yowl",
  "ulularono": "howled",
  "ululasse": "howl",
  "ululassero": "howl",
  "ululassi": "howling",
  "ululassimo": "howl",
  "ululata": "howl",
  "ululate": "",
  "ululati": "noun: howl, yowl",
  "ululato": "noun: howl, yowl",
  "ululava": "verb: ululate, howl, yowl",
  "ululavamo": "howled",
  "ululavano": "howled",
  "ululavate": "howled",
  "ululavi": "howling",
  "ululavo": "howl",
  "ululerai": "howling",
  "ululeranno": "howling",
  "ululerebbe": "howl",
  "ululerebbero": "howl",
  "ululerei": "howl",
  "ululeremmo": "howl",
  "ululeremo": "howl",
  "ululereste": "howl",
  "ululeresti": "howl",
  "ululerete": "howl",
  "ululi": "noun: yowl",
  "ululiamo": "howl",
  "ululiate": "howl",
  "ululo": "noun: yowl",
  "ululò": "howled",
  "umana": "noun: humanity, mankind, humaneness;",
  "umanamente": "humanly",
  "umanazione": "humanly",
  "umane": "noun: humanity, mankind, humaneness",
  "umanesimi": "humanism",
  "umanesimo": "noun: humanism",
  "umani": "human",
  "umanista": "noun: humanist",
  "umaniste": "humanist",
  "umanisti": "adjective: humanistic, liberal;",
  "umanistica": "adjective: humanistic, liberal",
  "umanistiche": "adjective: humanistic, liberal",
  "umanistici": "adjective: humanistic, liberal",
  "umanistico": "adjective: humanistic, liberal",
  "umanità": "noun: humanity, mankind, humaneness",
  "umanitari": "adjective: humanitarian, humane",
  "umanitaria": "adjective: humanitarian, humane",
  "umanitarie": "adjective: humanitarian, humane",
  "umanitario": "adjective: humanitarian, humane",
  "umanitarismo": "noun: humanitarianism",
  "umanizza": "verb: humanize, humanise",
  "umanizzammo": "humanized",
  "umanizzando": "humanizing",
  "umanizzano": "humanize",
  "umanizzante": "verb: humanize, humanise",
  "umanizzanti": "humanizing",
  "umanizzar": "humanize",
  "umanizzare": "verb: humanize, humanise",
  "umanizzarono": "humanize",
  "umanizzasse": "humanize",
  "umanizzassero": "humanize",
  "umanizzassi": "humanize",
  "umanizzassimo": "humanize",
  "umanizzata": "verb: humanize, humanise",
  "umanizzate": "humanized",
  "umanizzati": "verb: humanize, humanise",
  "umanizzato": "verb: humanize, humanise",
  "umanizzava": "humanized",
  "umanizzavamo": "humanized",
  "umanizzavano": "humanize",
  "umanizzavate": "humanized",
  "umanizzavi": "humanized",
  "umanizzavo": "humanized",
  "umanizzazione": "verb: humanize, humanise",
  "umanizzazioni": "humanization",
  "umanizzerai": "humanize",
  "umanizzeranno": "humanizing",
  "umanizzerebbe": "humanize",
  "umanizzerebbero": "humanize",
  "umanizzerei": "humanize",
  "umanizzeremmo": "humanize",
  "umanizzeremo": "humanize",
  "umanizzereste": "humanize",
  "umanizzeresti": "humanize",
  "umanizzerete": "humanize",
  "umanizzi": "humanize",
  "umanizziamo": "humanize",
  "umanizziate": "humanized",
  "umanizzo": "humanizes",
  "umanizzò": "humanized",
  "umano": "adjective: human, humane",
  "umanoidi": "humanoid",
  "umbella": "noun: umbel",
  "umbra": "",
  "umbrale": "umbral",
  "umbratile": "shady",
  "umbratili": "shadowy",
  "umbre": "adjective: umbrian",
  "umbri": "adjective: umbrian",
  "umbria": "adjective: umbrian",
  "umbrian": "adjective: umbro",
  "umbro": "adjective: umbrian",
  "umetta": "moistened",
  "umettamento": "wetting",
  "umettammo": "moistened",
  "umettando": "moistening",
  "umettano": "moistened",
  "umettante": "humectant",
  "umettanti": "humectants",
  "umettar": "moisten",
  "umettare": "moisten",
  "umettarono": "moisten",
  "umettasse": "moisten",
  "umettassero": "moisten",
  "umettassi": "moistened",
  "umettassimo": "moistened",
  "umettata": "moistened",
  "umettate": "wetted",
  "umettati": "moistened",
  "umettato": "moistened",
  "umettava": "moistened",
  "umettavamo": "moistened",
  "umettavano": "moistened",
  "umettavate": "wetted",
  "umettavi": "moistened",
  "umettavo": "moistened",
  "umettazione": "moisten",
  "umetterai": "moisten",
  "umetteranno": "moistening",
  "umetterebbe": "moisten",
  "umetterebbero": "moisten",
  "umetterei": "moisten",
  "umetteremmo": "moisten",
  "umetteremo": "moisten",
  "umettereste": "moisten",
  "umetteresti": "moisten",
  "umetterete": "moisten",
  "umetti": "moistened",
  "umettiamo": "moistened",
  "umettiate": "wetted",
  "umetto": "moistened",
  "umettò": "moistened",
  "umico": "humic",
  "umida": "adjective: damp, moist, humid, dank, wet, misty, sloppy;",
  "umide": "adjective: damp, moist, humid, dank, wet, misty, sloppy;",
  "umidi": "adjective: damp, moist, humid, dank, wet, misty, sloppy;",
  "umidicce": "clammy",
  "umidicci": "damp",
  "umidiccia": "clammy",
  "umidiccio": "damp",
  "umidifica": "verb: humidify",
  "umidificammo": "humidified",
  "umidificando": "humidifying",
  "umidificano": "humidify",
  "umidificante": "humectant",
  "umidificanti": "wetting",
  "umidificar": "humidify",
  "umidificare": "verb: humidify",
  "umidificarono": "humidify",
  "umidificasse": "humidify",
  "umidificassero": "humidified",
  "umidificassi": "moisten",
  "umidificassimo": "moisten",
  "umidificata": "verb: humidify",
  "umidificate": "wipes",
  "umidificati": "humidified",
  "umidificato": "verb: humidify",
  "umidificatore": "noun: humidifier",
  "umidificava": "humidified",
  "umidificavamo": "humidified",
  "umidificavano": "humidify",
  "umidificavate": "wipes",
  "umidificavi": "humidified",
  "umidificavo": "humidified",
  "umidificazione": "verb: humidify;",
  "umidificherai": "moisten",
  "umidificheranno": "humidifying",
  "umidificherebbe": "humidify",
  "umidificherebbero": "humidify",
  "umidificherei": "humidify",
  "umidificheremmo": "humidify",
  "umidificheremo": "humidify",
  "umidifichereste": "humidify",
  "umidificheresti": "moisten",
  "umidificherete": "humidify",
  "umidifichi": "humidify",
  "umidifichiamo": "humidified",
  "umidifichiate": "wipes",
  "umidifico": "humidification",
  "umidificò": "humidified",
  "umidità": "noun: dampness, moistness, humidity, damp, moisture, wet, wetness",
  "umido": "adjective: damp, moist, humid, dank, wet, misty, sloppy",
  "umile": "adjective: humble, low, menial, lowly, modest",
  "umili": "noun: humility, humbleness;",
  "umilia": "verb: grovel, cringe, humble oneself, stoop",
  "umiliammo": "humble",
  "umiliamo": "humble",
  "umilian": "umiliani",
  "umiliando": "humiliating",
  "umiliano": "verb: grovel, cringe, humble oneself, stoop",
  "umiliante": "adjective: humiliating",
  "umilianti": "adjective: humiliating",
  "umiliar": "humiliate",
  "umiliare": "verb: humiliate, humble, abase, squash, snub, lower",
  "umiliarono": "humiliated",
  "umiliarsi": "verb: grovel, cringe, humble oneself, stoop",
  "umiliasse": "humiliate",
  "umiliassero": "inferior or",
  "umiliassi": "grovel",
  "umiliassimo": "inferior or",
  "umiliata": "noun: humiliation, snub, stoop, abasement",
  "umiliate": "humiliated",
  "umiliati": "humiliated",
  "umiliato": "noun: humiliation, snub, stoop, abasement;",
  "umiliava": "humiliated",
  "umiliavamo": "humiliated",
  "umiliavano": "humiliated",
  "umiliavate": "humiliated",
  "umiliavi": "humiliated",
  "umiliavo": "humiliated",
  "umiliazione": "noun: humiliation, snub, stoop, abasement",
  "umiliazioni": "verb: humiliate, humble, abase, squash, snub, lower;",
  "umilierà": "humiliate",
  "umilierai": "grovel",
  "umilieranno": "humiliate",
  "umilierebbe": "afflict",
  "umilierebbero": "afflict",
  "umilierei": "humiliate",
  "umilieremmo": "humiliate",
  "umilieremo": "afflict",
  "umiliereste": "afflict",
  "umilieresti": "afflict",
  "umilierete": "afflict",
  "umilierò": "will humble",
  "umilin": "humiliate",
  "umilino": "humiliate",
  "umilio": "humbled",
  "umiliò": "humbled",
  "umilissimo": "humble",
  "umilmente": "adverb: meanly, lowly, humbly",
  "umiltà": "noun: humility, humbleness",
  "umlaut": "",
  "umorale": "humoral",
  "umore": "noun: temper, mood, humour, humor, vein",
  "umoresca": "humoresque",
  "umori": "noun: temper, mood, humour, humor, vein",
  "umorismi": "humor",
  "umorismo": "noun: humour, humor",
  "umorista": "noun: humourist, humorist",
  "umoristi": "noun: humourist, humorist",
  "umoristica": "adjective: humorous, funny;",
  "umoristicamente": "humorously",
  "umoristiche": "adjective: humorous, funny",
  "umoristici": "adjective: humorous, funny",
  "umoristico": "adjective: humorous, funny",
  "un": "",
  "una": "article: a, an;",
  "unaccompanied": "",
  "unanimamente": "adverb: unanimously",
  "unanime": "adjective: unanimous, solid",
  "unanimemente": "adjective: unanimous, solid",
  "unanimi": "adjective: unanimous, solid;",
  "unanimità": "noun: unanimity",
  "unario": "unary",
  "unavailing": "",
  "uncina": "hook",
  "uncinammo": "uncinate",
  "uncinando": "uncinate",
  "uncinar": "to hook",
  "uncinare": "to hook",
  "uncinarono": "uncinate",
  "uncinasse": "hooked",
  "uncinassero": "uncinate",
  "uncinassi": "hooked",
  "uncinassimo": "uncinate",
  "uncinate": "hooked",
  "uncinati": "hooked",
  "uncinato": "uncinate",
  "uncinava": "uncinata",
  "uncinavamo": "uncinate",
  "uncinavano": "uncinate",
  "uncinavate": "hooked",
  "uncinavi": "hooked",
  "uncinavo": "uncinate",
  "uncinerai": "hooks",
  "uncineranno": "uncinate",
  "uncinerebbe": "to hook",
  "uncinerebbero": "hooking",
  "uncinerei": "to hook",
  "uncineremmo": "hooking",
  "uncineremo": "to hook",
  "uncinereste": "hooked",
  "uncineresti": "hooked",
  "uncinerete": "hooked",
  "uncinetto": "noun: crochet, needle",
  "uncini": "hooks",
  "unciniamo": "uncinate",
  "unciniate": "hooked",
  "uncino": "noun: hook, hanger, crotchet, grapnel, gaff, crook",
  "uncinò": "hook",
  "undecima": "eleventh",
  "undecime": "eleventh",
  "undecimi": "eleventh",
  "undecimo": "eleventh",
  "underground": "",
  "undicenne": "eleven",
  "undicenni": "eleven",
  "undicesima": "eleventh",
  "undicesime": "eleventh",
  "undicesimi": "eleventh",
  "undicesimo": "numeral: eleventh",
  "undici": "numeral: eleven",
  "uneasy": "",
  "unendo": "verb: unite, join, come together, link, connect, mix, combine, add, ally, integrate, knit, interlock,",
  "unente": "combining",
  "unenti": "combining",
  "unga": "baste",
  "ungano": "anoint",
  "unge": "anoints",
  "ungei": "unge",
  "ungendo": "verb: make greasy, oil, lubricate, grease, anoint, flatter, grease oneself, butter up",
  "ungerà": "anoint",
  "ungerai": "anoint",
  "ungeranno": "anoint",
  "ungere": "verb: make greasy, oil, lubricate, grease, anoint, flatter, grease oneself, butter up",
  "ungeremmo": "anoint",
  "ungerete": "anoint",
  "ungerò": "anoint",
  "ungersi": "anoint",
  "ungete": "verb: make greasy, oil, lubricate, grease, anoint, flatter, grease oneself, butter up",
  "ungeva": "anointed",
  "ungevano": "anointed",
  "ungevate": "anointed",
  "ungevi": "anointed",
  "ungevo": "anointed",
  "ungherese": "adjective: Hungarian;",
  "ungheresi": "adjective: Hungarian;",
  "ungheria": "noun: Hungary",
  "unghia": "noun: nail, claw",
  "unghiata": "noun: scratch",
  "unghiate": "noun: scratch",
  "unghie": "noun: nail, claw",
  "unghiolo": "claws",
  "ungi": "anoint",
  "ungiamo": "anoint",
  "ungiate": "grease",
  "ungitura": "smearing",
  "ungo": "anoint",
  "ungon": "grease",
  "ungono": "grease",
  "ungueale": "nail",
  "unguentare": "ointment",
  "unguenti": "noun: ointment, liniment, unguent, salve",
  "unguento": "noun: ointment, liniment, unguent, salve",
  "ungula": "ungulates",
  "ungulato": "adjective: ungulate",
  "uni": "",
  "unì": "joined",
  "uniamo": "join",
  "uniate": "join",
  "unica": "adjective: only, sole, unique, one, nonpareil, alone, single;",
  "unicamente": "adverb: only, solely",
  "unicamerale": "unicameral",
  "unicamerali": "unicameral",
  "unicellulare": "adjective: unicellular",
  "unicellulari": "adjective: unicellular",
  "uniche": "adjective: only, sole, unique, one, nonpareil, alone, single;",
  "unici": "adjective: only, sole, unique, one, nonpareil, alone, single;",
  "unicità": "noun: uniqueness",
  "unico": "adjective: only, sole, unique, one, nonpareil, alone, single",
  "unicolore": "unicolor",
  "unicorno": "noun: unicorn",
  "unicum": "unique",
  "unidirezionale": "unidirectional",
  "unidirezionali": "unidirectional",
  "unifamiliare": "single-family",
  "unifamiliari": "single-family",
  "unifica": "verb: unite;",
  "unificabile": "unifiable",
  "unificammo": "unified",
  "unificando": "verb: unify, join, consolidate",
  "unificano": "verb: unite",
  "unificante": "unifying",
  "unificanti": "unifying",
  "unificar": "unify",
  "unificare": "verb: unify, join, consolidate",
  "unificarono": "unified",
  "unificarsi": "verb: unite",
  "unificasse": "unify",
  "unificassero": "unify",
  "unificassi": "unite",
  "unificassimo": "unite",
  "unificata": "unified",
  "unificate": "verb: unite;",
  "unificati": "unified",
  "unificato": "unified",
  "unificatore": "unifying",
  "unificatori": "unifying",
  "unificatrice": "unifying",
  "unificatrici": "unifying",
  "unificava": "unified",
  "unificavamo": "unify",
  "unificavano": "unify",
  "unificavate": "unified",
  "unificavi": "unified",
  "unificavo": "unified",
  "unificazione": "noun: unification, standardization",
  "unificazioni": "unifications",
  "unificherà": "unify",
  "unificherai": "unite",
  "unificheranno": "unify",
  "unificherebbe": "unify",
  "unificherebbero": "unify",
  "unificherei": "unify",
  "unificheremmo": "unify",
  "unificheremo": "unify",
  "unifichereste": "unify",
  "unificheresti": "unify",
  "unificherete": "unify",
  "unificherò": "unify",
  "unifichi": "unify",
  "unifichiamo": "unify",
  "unifichiate": "unified",
  "unifichin": "unify",
  "unifichino": "unify",
  "unifico": "unifies",
  "unificò": "unified",
  "unifilare": "single wire",
  "uniform": "",
  "uniforma": "verb: level, make uniform, stereotype, conform, even, fit",
  "uniformammo": "standardized",
  "uniformando": "standardizing",
  "uniformano": "conform",
  "uniformante": "uniformity",
  "uniformanti": "unifying",
  "uniformar": "conform",
  "uniformare": "verb: level, make uniform, stereotype, conform, even, fit",
  "uniformarono": "conform",
  "uniformasse": "conform",
  "uniformassero": "conform",
  "uniformassi": "comply",
  "uniformassimo": "comply",
  "uniformata": "standardized",
  "uniformate": "standardized",
  "uniformati": "standardized",
  "uniformato": "standardized",
  "uniformava": "standardized",
  "uniformavamo": "standardized",
  "uniformavano": "conform",
  "uniformavate": "standardized",
  "uniformavi": "standardized",
  "uniformavo": "conform",
  "uniformazione": "alignment",
  "uniforme": "adjective: uniform, solid, monotonous, plain, flat, equable",
  "uniformemente": "uniformly",
  "uniformerà": "standardize",
  "uniformerai": "comply",
  "uniformeranno": "conform",
  "uniformerebbe": "uniformly",
  "uniformerebbero": "uniformly",
  "uniformerei": "conform",
  "uniformeremmo": "uniformly",
  "uniformeremo": "conform",
  "uniformereste": "uniformly",
  "uniformeresti": "uniformly",
  "uniformerete": "uniformly",
  "uniformerò": "standardize",
  "uniformi": "noun: equability, evenness, unity, sameness, uniformity;",
  "uniformiamo": "uniformism",
  "uniformiate": "standardized",
  "uniformin": "conformable",
  "uniformino": "conformable",
  "uniformità": "noun: equability, evenness, unity, sameness, uniformity",
  "uniformo": "uniform",
  "uniformò": "uniform",
  "unigenito": "only begotten",
  "unii": "joined",
  "unilaterale": "adjective: unilateral, one-sided, ex part",
  "unilaterali": "adverb: one-sidely;",
  "unilateralità": "sidedness",
  "unilateralmente": "adverb: one-sidely",
  "unilatero": "the unilateral",
  "unile": "unilateral",
  "unimmo": "we joined",
  "uninominale": "single name",
  "uninominali": "single-member constituencies",
  "unione": "noun: union, combination, blending, cohesion, unity, harmony, association, alliance, agreement",
  "unioni": "noun: union, combination, blending, cohesion, unity, harmony, association, alliance, agreement",
  "unionismo": "noun: unionism",
  "unionista": "unionist",
  "unioniste": "unionist",
  "unionisti": "unionists",
  "uniparo": "unipro",
  "unipolare": "unipolar",
  "unir": "unite",
  "unirà": "join",
  "unirai": "'ll join",
  "uniranno": "join",
  "unire": "verb: unite, join, come together, link, connect, mix, combine, add, ally, integrate, knit, interlock,",
  "unirebbe": "unite",
  "unirebber": "come together",
  "unirebbero": "come together",
  "unirei": "would join",
  "uniremmo": "join",
  "uniremo": "unite",
  "unirete": "join",
  "unirò": "will join",
  "unirono": "joined",
  "unirsi": "verb: unite, join, band, knit, coalesce, congregate, combine, interlock",
  "unisca": "join",
  "uniscano": "join",
  "unisce": "verb: unite, join, band, knit, coalesce, congregate, combine, interlock",
  "unisci": "merge",
  "unisco": "join",
  "uniscono": "verb: unite, join, band, knit, coalesce, congregate, combine, interlock",
  "unisessuale": "adjective: unisexual",
  "unisex": "adjective: unisex",
  "unisona": "unison",
  "unisone": "unison",
  "unisoni": "unison",
  "unisono": "noun: unison",
  "unisse": "join",
  "unisser": "join",
  "unissero": "join",
  "unissi": "join",
  "unissimo": "we try and calculate",
  "uniste": "unisto",
  "unisti": "unisto",
  "unit": "",
  "unita": "adjective: united, close, attached, enclosed, even, conjoint, joint",
  "unità": "noun: unity, unit, ship, aeroplane",
  "unitamente": "together",
  "unitari": "unit",
  "unitaria": "adjective: unitary",
  "unitariamente": "unitary",
  "unitarie": "unitary",
  "unitario": "adjective: unitary",
  "unite": "",
  "unitezza": "shade uniformity",
  "uniti": "adjective: united, close, attached, enclosed, even, conjoint, joint",
  "unito": "adjective: united, close, attached, enclosed, even, conjoint, joint",
  "univa": "united",
  "univalvi": "univalve",
  "univano": "united",
  "univariata": "univariate",
  "univate": "united",
  "universa": "universal",
  "universale": "adjective: universal, general, catholic, multipurpose, worldwide",
  "universali": "noun: universality;",
  "universalismo": "universalism",
  "universalista": "universalist",
  "universalità": "noun: universality",
  "universalizza": "universalized",
  "universalizzammo": "universalized",
  "universalizzando": "universalized",
  "universalizzano": "universalized",
  "universalizzante": "universalizing",
  "universalizzanti": "universalizing",
  "universalizzar": "universalize",
  "universalizzare": "universalize",
  "universalizzarono": "universalized",
  "universalizzasse": "universalize",
  "universalizzassero": "universalize",
  "universalizzassi": "universalised",
  "universalizzassimo": "universalized",
  "universalizzata": "universalized",
  "universalizzate": "universalize",
  "universalizzati": "universalised",
  "universalizzato": "universalized",
  "universalizzava": "universalized",
  "universalizzavamo": "universalized",
  "universalizzavano": "universalized",
  "universalizzavate": "universalize",
  "universalizzavi": "universalised",
  "universalizzavo": "universalized",
  "universalizzazione": "universalization",
  "universalizzerai": "universalize",
  "universalizzeranno": "universalized",
  "universalizzerebbe": "universalize",
  "universalizzerebbero": "universalize",
  "universalizzerei": "universalize",
  "universalizzeremmo": "universalize",
  "universalizzeremo": "universalize",
  "universalizzereste": "universalize",
  "universalizzeresti": "universalize",
  "universalizzerete": "universalize",
  "universalizzi": "universalized",
  "universalizziamo": "universalized",
  "universalizziate": "universalize",
  "universalizzo": "universalized",
  "universalizzò": "universalized",
  "universalmente": "adjective: universal, general, catholic, multipurpose, worldwide",
  "universe": "",
  "universi": "universes",
  "universit": "universities",
  "università": "noun: university, college, alma mater",
  "universitari": "adjective: university, academical, academic;",
  "universitaria": "adjective: university, academical, academic;",
  "universitarie": "adjective: university, academical, academic;",
  "universitario": "adjective: university, academical, academic;",
  "universo": "noun: universe, creation",
  "univi": "united",
  "univo": "univocal",
  "univoca": "adjective: unambiguous, univocal",
  "univocamente": "adjective: unambiguous, univocal",
  "univoche": "unique",
  "univoci": "adjective: unambiguous, univocal",
  "univocità": "uniqueness",
  "univoco": "adjective: unambiguous, univocal",
  "unknown": "",
  "unnecessary": "",
  "unno": "noun: Hun",
  "uno": "adjective: one, some, each;",
  "unsè": "anointed",
  "unsero": "anointed",
  "unsi": "anointed",
  "unta": "verb: make greasy, oil, lubricate, grease, anoint, flatter, grease oneself, butter up",
  "unte": "greasy",
  "unti": "adjective: greasy, oily;",
  "unto": "",
  "untume": "grease",
  "untuosa": "adjective: greasy, oily, smooth, fatty, fat, unctuous, smarmy;",
  "untuosamente": "unctuously",
  "untuose": "noun: greasiness, unctuousness",
  "untuosi": "adjective: greasy, oily, smooth, fatty, fat, unctuous, smarmy;",
  "untuosità": "noun: greasiness, unctuousness",
  "untuoso": "adjective: greasy, oily, smooth, fatty, fat, unctuous, smarmy",
  "unusable": "",
  "unzione": "noun: unction, anointment",
  "unzioni": "noun: unction, anointment",
  "uomini": "phrase: Gentlemen",
  "uomo": "noun: man, mankind, humanity",
  "uopo": "end",
  "uova": "noun: spawn",
  "uovo": "noun: egg",
  "upi": "bfu",
  "upon": "",
  "upset": "",
  "upupa": "noun: hoopoe",
  "uracile": "uracil",
  "uragani": "noun: hurricane, storm",
  "uragano": "noun: hurricane, storm",
  "urali": "ural",
  "uranico": "uranian",
  "uranio": "noun: uranium",
  "urano": "noun: Uranus",
  "urato": "urate",
  "urbana": "adjective: urban, city, town, local",
  "urbanamente": "urbanity",
  "urbane": "",
  "urbanesimo": "urbanism",
  "urbani": "adjective: urban, city, town, local",
  "urbanista": "noun: town-planner, urbanist, city planner",
  "urbanisti": "noun: town-planner, urbanist, city planner",
  "urbanistica": "noun: town-planning, city planning",
  "urbanistiche": "noun: town-planning, city planning",
  "urbanistici": "noun: town-planning, city planning",
  "urbanistico": "noun: town-planning, city planning",
  "urbanità": "noun: urbanity",
  "urbanizza": "verb: urbanize",
  "urbanizzammo": "urbanized",
  "urbanizzando": "urbanizing",
  "urbanizzano": "urbanized",
  "urbanizzar": "urbanize",
  "urbanizzare": "verb: urbanize",
  "urbanizzarono": "first settled",
  "urbanizzasse": "urbanize",
  "urbanizzassero": "urbanized",
  "urbanizzassi": "urbanized",
  "urbanizzassimo": "urbanized",
  "urbanizzata": "verb: urbanize;",
  "urbanizzate": "urbanized",
  "urbanizzati": "verb: urbanize;",
  "urbanizzato": "verb: urbanize;",
  "urbanizzava": "urbanized",
  "urbanizzavamo": "urbanized",
  "urbanizzavano": "first settled",
  "urbanizzavate": "urbanized",
  "urbanizzavi": "urbanized",
  "urbanizzavo": "urbanized",
  "urbanizzazione": "noun: urbanization",
  "urbanizzazioni": "urbanization",
  "urbanizzerai": "urbanized",
  "urbanizzeranno": "urbanizing",
  "urbanizzerebbe": "urbanize",
  "urbanizzerebbero": "urbanize",
  "urbanizzerei": "urbanize",
  "urbanizzeremmo": "urbanize",
  "urbanizzeremo": "urbanize",
  "urbanizzereste": "urbanize",
  "urbanizzeresti": "urbanize",
  "urbanizzerete": "urbanize",
  "urbanizzi": "urbanization",
  "urbanizziamo": "urbanized",
  "urbanizziate": "urbanized",
  "urbanizzo": "urbanization",
  "urbanizzò": "urbanization",
  "urbano": "adjective: urban, city, town, local",
  "urea": "",
  "ureasi": "urease",
  "uremico": "uremic",
  "ureo": "noun: urea",
  "uretano": "urethane",
  "ureterale": "noun: ureter",
  "uretere": "noun: ureter",
  "ureterico": "ureteric",
  "uretra": "noun: urethra",
  "uretrale": "noun: urethra",
  "uretrite": "urethritis",
  "urgan": "hurricane",
  "urgano": "hurricane",
  "urge": "",
  "urgente": "adjective: urgent, instant, pressing",
  "urgentemente": "urgently",
  "urgenti": "noun: urgency, emergency, hurry;",
  "urgentissimo": "urgent",
  "urgenza": "noun: urgency, emergency, hurry",
  "urgenze": "emergencies",
  "urger": "be urgent",
  "urgerà": "be urgent",
  "urgere": "verb: be urgent, press",
  "urgeremmo": "be urgent",
  "urgerete": "be urgent",
  "urgerò": "be urgent",
  "urgesse": "were essential",
  "urgessi": "were essential",
  "urgete": "urget",
  "urgeva": "was urgent",
  "urgevano": "it was urgently necessary",
  "urgevate": "it was urgently necessary",
  "urgevi": "it was urgently necessary",
  "urgevo": "it was urgently necessary",
  "urgono": "verb: be urgent, press",
  "uria": "guillemot",
  "urica": "uric",
  "uriche": "uric",
  "urici": "adjective: uric",
  "urico": "adjective: uric",
  "urina": "noun: urine",
  "urinammo": "urinated",
  "urinando": "urinating",
  "urinano": "urinate",
  "urinar": "urine",
  "urinare": "noun: urine;",
  "urinari": "adjective: urinary",
  "urinaria": "noun: urine;",
  "urinarie": "noun: urine;",
  "urinario": "adjective: urinary",
  "urinarono": "urinated",
  "urinasse": "urinate",
  "urinassero": "urinate",
  "urinassi": "urinated",
  "urinassimo": "urinated",
  "urinata": "urinated",
  "urinate": "",
  "urinati": "urinated",
  "urinato": "urinated",
  "urinava": "urinated",
  "urinavamo": "urinated",
  "urinavano": "urinated",
  "urinavate": "urinate",
  "urinavi": "urinated",
  "urinavo": "urinated",
  "urine": "",
  "urinerà": "urinate",
  "urinerai": "urine",
  "urineranno": "urinating",
  "urinerebbe": "urinate",
  "urinerebbero": "urinate",
  "urinerei": "urinate",
  "urineremmo": "urinate",
  "urineremo": "urinate",
  "urinereste": "urinate",
  "urineresti": "urinate",
  "urinerete": "urinate",
  "urinerò": "urinate",
  "urini": "urinate",
  "uriniamo": "urinated",
  "uriniate": "urinate",
  "urino": "urinate",
  "urinò": "urinated",
  "urla": "noun: shouting",
  "urlai": "i screamed",
  "urlammo": "screamed",
  "urlan": "scream",
  "urlando": "noun: shouting;",
  "urlano": "verb: scream, yell, howl, bawl, cry, roar, hoot, boom, shout, vociferate",
  "urlante": "screaming",
  "urlanti": "screaming",
  "urlar": "scream",
  "urlare": "verb: scream, yell, howl, bawl, cry, roar, hoot, boom, shout, vociferate",
  "urlarono": "shouted",
  "urlasse": "scream",
  "urlasser": "scream",
  "urlassero": "scream",
  "urlassi": "scream",
  "urlata": "shouted",
  "urlate": "verb: scream, yell, howl, bawl, cry, roar, hoot, boom, shout, vociferate",
  "urlati": "shouted",
  "urlato": "verb: scream, yell, howl, bawl, cry, roar, hoot, boom, shout, vociferate",
  "urlatore": "noun: howler",
  "urlatori": "noun: howler",
  "urlatrice": "howler",
  "urlatrici": "howler",
  "urlava": "screaming",
  "urlavamo": "screamed",
  "urlavano": "screaming",
  "urlavate": "screaming",
  "urlavi": "screaming",
  "urlavo": "i screamed",
  "urlerà": "scream",
  "urlerai": "scream",
  "urleranno": "howl",
  "urlerei": "scream",
  "urleremmo": "scream",
  "urleremo": "scream",
  "urlerete": "howl",
  "urlerò": "scream",
  "urli": "screams",
  "urliamo": "scream",
  "urliate": "shouts",
  "urlino": "scream",
  "urlo": "noun: scream, yell, howl, wail, shout, bellow, hoop, cry, bawl",
  "urlò": "shouted",
  "urna": "noun: ossuary, urn",
  "urne": "noun: ossuary, urn",
  "urogenitale": "urogenital",
  "urogenitali": "urogenital",
  "urografia": "noun: urography",
  "urolitiasi": "urolithiasis",
  "urolito": "uroliths",
  "urologa": "urologist",
  "urologi": "noun: urology;",
  "urologia": "noun: urology",
  "urologica": "noun: urology;",
  "urologiche": "noun: urology",
  "urologici": "urologic",
  "urologico": "noun: urology",
  "urologo": "noun: urologist",
  "urrà": "interjection: hooray!, yippee!",
  "ursè": "urse",
  "urss": "ussr",
  "urta": "verb: be urgent, press;",
  "urtai": "bumped",
  "urtan": "bump",
  "urtando": "verb: bump, knock, annoy, irritate, clash, strike, poke, buffet, shock, butt",
  "urtano": "bump",
  "urtante": "shocking",
  "urtanti": "disturbing",
  "urtar": "bump",
  "urtare": "verb: bump, knock, annoy, irritate, clash, strike, poke, buffet, shock, butt",
  "urtarono": "bumped",
  "urtarsi": "verb: clash",
  "urtata": "verb: bump, knock, annoy, irritate, clash, strike, poke, buffet, shock, butt",
  "urtate": "bump",
  "urtati": "burns",
  "urtato": "verb: bump, knock, annoy, irritate, clash, strike, poke, buffet, shock, butt",
  "urtava": "collided",
  "urtavano": "jostled",
  "urtavate": "jostled",
  "urtavi": "jostled",
  "urtavo": "jostled",
  "urterà": "bump",
  "urterebbe": "would run",
  "urteremmo": "bump",
  "urterete": "bump",
  "urterò": "bump",
  "urti": "noun: crash, collision, knock, bump, clash, impact, shock, shove, hit, push, jar, shake, dig, dash",
  "urtiamo": "bump",
  "urtiate": "shock",
  "urticante": "noun: urticant",
  "urtino": "collide",
  "urto": "noun: crash, collision, knock, bump, clash, impact, shock, shove, hit, push, jar, shake, dig, dash",
  "urtò": "verb: bump, knock, annoy, irritate, clash, strike, poke, buffet, shock, butt",
  "urubù": "urubu",
  "uruguai": "uruguay",
  "uruguaiana": "uruguay",
  "uruguaiano": "uruguay",
  "uruguay": "noun: Uruguay",
  "uruguayana": "uruguay",
  "uruguayane": "uruguay",
  "uruguayani": "uruguay",
  "uruguayano": "uruguay",
  "usa": "abbreviation: USA, US;",
  "usabile": "adjective: usable, serviceable",
  "usabilità": "adjective: usable, serviceable",
  "usai": "i used",
  "usammo": "we used",
  "usando": "verb: make use of, use, be used, be accustomed, employ, be fashionable, practise, practice, be in",
  "usano": "use",
  "usante": "making use of",
  "usanti": "making use of",
  "usanza": "noun: custom, habit, practice, use, usage",
  "usanze": "noun: manner, mores",
  "usare": "verb: make use of, use, be used, be accustomed, employ, be fashionable, practise, practice, be in",
  "usarono": "used",
  "usasse": "he used",
  "usasser": "they used",
  "usassero": "they used",
  "usassi": "i used",
  "usassimo": "we used",
  "usaste": "you used",
  "usasti": "you used",
  "usata": "adjective: in use, used, second-hand, worn, old",
  "usate": "used",
  "usati": "adjective: in use, used, second-hand, worn, old",
  "usato": "adjective: in use, used, second-hand, worn, old",
  "usava": "used",
  "usavamo": "we used",
  "usavano": "used",
  "usavate": "you used",
  "usavi": "you used",
  "usavo": "i used",
  "usbekistan": "uzbekistan",
  "usbergo": "noun: habergeon, hauberk",
  "uscendo": "out",
  "uscente": "adjective: outgoing, retiring",
  "uscenti": "adjective: outgoing, retiring",
  "usci": "noun: door",
  "uscì": "left",
  "usciamo": "we go out",
  "usciate": "go out",
  "usciere": "noun: usher",
  "uscieri": "noun: usher",
  "uscii": "i went out",
  "uscimmo": "we went",
  "uscio": "noun: door",
  "uscir": "come out",
  "uscirà": "released",
  "uscirai": "come out",
  "usciranno": "come out",
  "uscire": "verb: be issued, go out, be drawn, leave, be turned out, come out, walk out, get out, exit, stick up",
  "uscirebbe": "emerge",
  "uscirebber": "would come out",
  "uscirebbero": "would come out",
  "uscirei": "get out",
  "usciremmo": "'d go",
  "usciremo": "emerge",
  "uscireste": "you go out",
  "usciresti": "you go out",
  "uscirete": "come out",
  "uscirne": "leave",
  "uscirò": "go out",
  "usciron": "they issued",
  "uscirono": "came",
  "uscisse": "come out",
  "uscisser": "come out",
  "uscissero": "come out",
  "uscissi": "from out",
  "uscissimo": "we would go out",
  "usciste": "came out",
  "uscisti": "came out",
  "uscita": "noun: exit, way out, egress, leaving, coming-out, going out, gate, outlet, outgo, release, ending,",
  "uscite": "noun: outgo",
  "usciti": "noun: outgo",
  "uscito": "noun: exit, way out, egress, leaving, coming-out, going out, gate, outlet, outgo, release, ending,",
  "usciva": "verb: be issued, go out, be drawn, leave, be turned out, come out, walk out, get out, exit, stick up",
  "uscivamo": "went out",
  "uscivan": "came forth",
  "uscivano": "came",
  "uscivate": "came",
  "uscivi": "you went out",
  "uscivo": "i went out",
  "use": "",
  "useless": "",
  "userà": "use",
  "userai": "will use",
  "useranno": "will use",
  "userebbe": "would use",
  "userebber": "they would use",
  "userebbero": "would use",
  "userei": "i would use",
  "useremmo": "we would use",
  "useremo": "we will use",
  "usereste": "would use",
  "useresti": "would you use",
  "userete": "will use",
  "userò": "i will use",
  "usi": "noun: use, usage, custom, adhibition, habit, wear",
  "usiamo": "we use",
  "usiate": "you use",
  "usignoli": "noun: nightingale",
  "usignolo": "noun: nightingale",
  "usignuolo": "nightingale",
  "usino": "use",
  "usitato": "-used",
  "uso": "noun: use, usage, custom, adhibition, habit, wear",
  "usò": "used",
  "ussari": "noun: hussar",
  "ussaro": "noun: hussar",
  "ussi": "ows",
  "ustiona": "verb: burn, burn oneself, scald",
  "ustionammo": "burned",
  "ustionando": "burned",
  "ustionano": "burned",
  "ustionante": "scalding",
  "ustionanti": "searing",
  "ustionar": "burn",
  "ustionare": "verb: burn, burn oneself, scald",
  "ustionarono": "burned",
  "ustionarsi": "burns",
  "ustionasse": "burn",
  "ustionassero": "burned",
  "ustionassi": "burns",
  "ustionassimo": "burns",
  "ustionata": "noun: scald, scalding, burn",
  "ustionate": "burned",
  "ustionati": "burn",
  "ustionato": "noun: scald, scalding, burn;",
  "ustionava": "burned",
  "ustionavamo": "burned",
  "ustionavano": "burned",
  "ustionavate": "burned",
  "ustionavi": "burn",
  "ustionavo": "burned",
  "ustione": "noun: scald, scalding, burn",
  "ustionerai": "burns",
  "ustioneranno": "burned",
  "ustionerebbe": "burn",
  "ustionerebbero": "burn",
  "ustionerei": "burn",
  "ustioneremmo": "burn",
  "ustioneremo": "burn",
  "ustionereste": "burn",
  "ustioneresti": "burns",
  "ustionerete": "burn",
  "ustioni": "noun: scald, scalding, burn",
  "ustioniamo": "burned",
  "ustioniate": "burned",
  "ustiono": "burned",
  "ustionò": "burned",
  "usuale": "adjective: everyday, common, ordinary, stock",
  "usuali": "adjective: everyday, common, ordinary, stock",
  "usualità": "usual",
  "usualmente": "usually",
  "usucapione": "adverse possession",
  "usufruendo": "verb: benefit, take advantage",
  "usufruì": "use",
  "usufruimmo": "received",
  "usufruir": "use",
  "usufruirà": "will benefit",
  "usufruirai": "able to make use",
  "usufruiranno": "will benefit",
  "usufruire": "verb: benefit, take advantage",
  "usufruirei": "use",
  "usufruiremmo": "use",
  "usufruiremo": "use",
  "usufruireste": "enjoy",
  "usufruiresti": "enjoy",
  "usufruirete": "enjoy",
  "usufruirò": "will benefit",
  "usufruirono": "exploited these",
  "usufruisca": "from having",
  "usufruiscano": ", enjoy",
  "usufruisce": "verb: benefit, take advantage",
  "usufruisci": "enjoy",
  "usufruisco": "benefits",
  "usufruiscono": "benefit",
  "usufruisse": "from benefiting",
  "usufruissero": "might obtain",
  "usufruissi": "from benefiting",
  "usufruiste": "benefits",
  "usufruisti": "unexpended",
  "usufruita": "received",
  "usufruite": "enjoy",
  "usufruiti": "unexpended",
  "usufruito": "verb: benefit, take advantage",
  "usufruiva": "use",
  "usufruivamo": "benefitting",
  "usufruivano": "benefitting",
  "usufruivate": "enjoy",
  "usufruivi": "unexpended",
  "usufruivo": "received",
  "usufrutto": "noun: usufruct",
  "usufruttuaria": "usufructuary",
  "usufruttuario": "usufructuary",
  "usura": "noun: usury",
  "usurai": "noun: usurer",
  "usuraia": "usurer",
  "usuraio": "noun: usurer",
  "usurario": "adjective: usurious",
  "usure": "noun: usury",
  "usurpa": "noun: usurpation;",
  "usurpamento": "usurped",
  "usurpammo": "usurped",
  "usurpando": "verb: usurp, encroach",
  "usurpano": "noun: usurpation;",
  "usurpare": "verb: usurp, encroach",
  "usurparono": "usurped",
  "usurpasse": "usurp",
  "usurpassero": "usurped",
  "usurpassi": "usurped",
  "usurpassimo": "usurped",
  "usurpata": "noun: usurpation",
  "usurpate": "noun: usurpation;",
  "usurpati": "noun: usurpation",
  "usurpato": "noun: usurpation;",
  "usurpatore": "noun: usurper",
  "usurpatori": "noun: usurper",
  "usurpatrice": "usurper",
  "usurpatrici": "usurper",
  "usurpava": "usurped",
  "usurpavamo": "usurped",
  "usurpavano": "usurped",
  "usurpavate": "usurped",
  "usurpavi": "usurped",
  "usurpavo": "usurped",
  "usurpazione": "noun: usurpation",
  "usurpazioni": "noun: usurpation",
  "usurperà": "usurp",
  "usurperai": "misused",
  "usurperanno": "usurp",
  "usurperebbe": "usurp",
  "usurperebbero": "usurp",
  "usurperei": "usurp",
  "usurperemmo": "usurp",
  "usurperemo": "usurp",
  "usurpereste": "usurp",
  "usurperesti": "usurp",
  "usurperete": "usurp",
  "usurperò": "usurper",
  "usurpi": "usurp",
  "usurpiamo": "usurp",
  "usurpiate": "usurped",
  "usurpin": "usurp",
  "usurpino": "usurp",
  "usurpo": "usurps",
  "usurpò": "usurped",
  "utah": "noun: Utah",
  "utensile": "noun: tool, utensil, implement",
  "utensileria": "tools",
  "utensili": "noun: tool, utensil, implement",
  "utensilista": "toolmaker",
  "utente": "noun: user, consumer",
  "utenti": "noun: user, consumer",
  "utenza": "noun: use, users, consumers",
  "utenze": "utilities",
  "uterino": "adjective: uterine",
  "utero": "noun: uterus, womb, matrix",
  "utile": "adjective: useful, helpful, serviceable, subservient, worthwhile, convenient, instrumental;",
  "utili": "noun: usefulness, benefit, use, utility, avail, value;",
  "utilità": "noun: usefulness, benefit, use, utility, avail, value",
  "utilitari": "adjective: utilitarian",
  "utilitaria": "noun: runabout",
  "utilitarie": "noun: runabout",
  "utilitario": "adjective: utilitarian",
  "utilitarismo": "noun: utilitarianism",
  "utilitarista": "noun: utilitarianism",
  "utilitaristica": "noun: utilitarianism",
  "utilitaristiche": "utilitarian",
  "utilitaristici": "noun: utilitarianism",
  "utilitaristico": "noun: utilitarianism",
  "utilizza": "verb: make use of, use, utilize, utilise, exploit",
  "utilizzabile": "adjective: available, exploitable, serviceable, usable",
  "utilizzabili": "adjective: available, exploitable, serviceable, usable",
  "utilizzabilità": "usability",
  "utilizzai": "i used",
  "utilizzammo": "we used",
  "utilizzando": "verb: make use of, use, utilize, utilise, exploit",
  "utilizzano": "use",
  "utilizzante": "utilizing",
  "utilizzanti": "employing",
  "utilizzar": "do that with",
  "utilizzare": "verb: make use of, use, utilize, utilise, exploit",
  "utilizzarono": "utilized",
  "utilizzasse": "using for",
  "utilizzassero": "using for",
  "utilizzassi": "were using",
  "utilizzassimo": "we were to use",
  "utilizzaste": "were using",
  "utilizzasti": "were using",
  "utilizzata": "verb: make use of, use, utilize, utilise, exploit;",
  "utilizzate": "used",
  "utilizzati": "noun: utilization, availment;",
  "utilizzato": "noun: utilization, availment;",
  "utilizzatore": "noun: user, utilizer",
  "utilizzatori": "noun: user, utilizer",
  "utilizzava": "used",
  "utilizzavamo": "we used",
  "utilizzavano": "used",
  "utilizzavate": "you used",
  "utilizzavi": "were using",
  "utilizzavo": "i used",
  "utilizzazione": "noun: utilization, utilisation, exploitation",
  "utilizzazioni": "uses",
  "utilizzerà": "use",
  "utilizzerai": "will use",
  "utilizzeranno": "use",
  "utilizzerebbe": "would use",
  "utilizzerebbero": "would use",
  "utilizzerei": "would use",
  "utilizzeremmo": "we would use",
  "utilizzeremo": "will use",
  "utilizzereste": "you would use",
  "utilizzeresti": "you would use",
  "utilizzerete": "will use",
  "utilizzerò": "will use",
  "utilizzi": "use",
  "utilizziamo": "use",
  "utilizziate": "you use",
  "utilizzin": "use",
  "utilizzino": "use",
  "utilizzo": "noun: utilization, availment",
  "utilizzò": "used",
  "utilmente": "usefully",
  "utlizzabile": "portable to",
  "utopia": "noun: utopia",
  "utopica": "utopian",
  "utopiche": "noun: utopian",
  "utopici": "noun: utopia",
  "utopico": "noun: utopia",
  "utopie": "noun: utopia",
  "utopismo": "utopianism",
  "utopista": "noun: utopian",
  "utopisti": "noun: utopian",
  "utopistica": "adjective: utopian",
  "utopistiche": "adjective: utopian",
  "utopistici": "adjective: utopian",
  "utopistico": "adjective: utopian",
  "uva": "noun: grapes, grape",
  "uve": "noun: grapes, grape",
  "uveite": "uveitis",
  "uvetta": "noun: raisin",
  "uvulare": "uvular",
  "uxoricida": "uxoricide",
  "uxoricidio": "uxoricide",
  "uzbekistan": "noun: Uzbekistan",
  "uzzolo": "whim"
}