{
  "witted, percipient, sharp": "eyed",
  "wafer": "",
  "waft": "",
  "wagneriano": "wagner",
  "wales": "noun: Galles",
  "walk": "",
  "walkiria": "valkyrie",
  "walkman": "noun: walkman, personal stereo",
  "wall": "",
  "walzer": "waltz",
  "want": "",
  "wanton": "",
  "warhead": "",
  "washington": "noun: Washington",
  "water": "",
  "watt": "",
  "wattaggio": "wattage",
  "wattmetro": "wattmeter",
  "wattora": "watt-hour",
  "way": "",
  "wc": "abbreviation: gabinetto, senza spese",
  "weathercock": "",
  "weaving": "noun: intreccio, tessitura",
  "webbing": "",
  "weekend": "",
  "weißrußland": "weißrussland",
  "welfare": "",
  "welter": "",
  "west": "",
  "western": "",
  "what": "",
  "wheelbarrow": "",
  "which": "",
  "whip": "",
  "whirling": "adjective: vorticoso",
  "whisk": "",
  "whiskey": "noun: whisky",
  "whisky": "",
  "whist": "",
  "who": "",
  "whoever": "",
  "whom": "",
  "wild": "",
  "will": "",
  "winch": "",
  "window": "",
  "windsurf": "noun: windsurf",
  "windsurfista": "windsurfer",
  "wine": "",
  "wisconsin": "noun: Wisconsin",
  "wise": "",
  "wish": "",
  "wishbone": "",
  "with": "",
  "witness": "",
  "witty": "",
  "wolframio": "wolfram",
  "won": "",
  "word": "",
  "workstation": "noun: stazione di lavoro",
  "world": "",
  "worldly": "",
  "worldwide": "adjective: mondiale, universale, planetario;",
  "wrapper": "",
  "wrinkled": "adjective: rugoso",
  "wurstel": "noun: frankfurter"
}