{
  "xantina": "xanthine",
  "xantine": "xanthine",
  "xantofilla": "xanthophyll",
  "xantoma": "xanthoma",
  "xantopsia": "xanthopsia",
  "xeno": "noun: xenon",
  "xenofilia": "xenophiles",
  "xenofilo": "xenophiles",
  "xenofoba": "noun: xenophobic, xenophobe;",
  "xenofobe": "noun: xenophobic, xenophobe;",
  "xenofobi": "noun: xenophobic, xenophobe;",
  "xenofobia": "noun: xenophobia",
  "xenofobico": "xenophobic",
  "xenofobie": "xenophobia",
  "xenofobo": "noun: xenophobic, xenophobe",
  "xeres": "sherry",
  "xerici": "xeric",
  "xerocopia": "noun: xerocopy, photocopy, Xerox",
  "xerocopiare": "xerox",
  "xerofilo": "xerophilous",
  "xerografia": "noun: xerography",
  "xerografiche": "xerographic",
  "xerosi": "xerosis",
  "xifoide": "xiphoid",
  "xifoideo": "adjective: xiphoid",
  "xilema": "xylem",
  "xilene": "xylene",
  "xilitolo": "xylitol",
  "xilofonista": "noun: xylophonist, xylophone",
  "xilofono": "noun: xylophone",
  "xilografare": "xylographic",
  "xilografia": "noun: xylograph, xylography",
  "xilografie": "noun: xylograph, xylography",
  "xilografo": "xylographer",
  "xilolite": "xylenes",
  "xilolo": "xylene",
  "xilosio": "xylose"
}