{
  "yacht": "",
  "yachting": "",
  "yak": "",
  "yam": "",
  "yankee": "noun: Yankee",
  "yard": "",
  "yardstick": "",
  "yawl": "",
  "yea": "",
  "yeah": "",
  "years": "noun: età",
  "yemen": "noun: Iemen",
  "yémen": "yemen",
  "yemenita": "yemen",
  "yen": "",
  "yep": "",
  "yes": "",
  "yiddish": "noun: Yiddish",
  "yodel": "",
  "yoga": "",
  "yogi": "",
  "yogurt": "",
  "yogurtiera": "yogurt maker",
  "you": "",
  "yourself": "",
  "yttrio": "yttrium",
  "yuan": "noun: yuan",
  "yucca": "",
  "yuppie": "noun: yuppie",
  "yurta": "yurt",
  "yurte": "yurts"
}