{
  "zabaione": "noun: egg flip",
  "zacchera": "noun: splash",
  "zaccherone": "zaccheroni",
  "zaccheroso": "splash",
  "zacchete": "zacchi",
  "zaffammo": "blasts",
  "zaffan": "zaffani",
  "zaffando": "blasts",
  "zaffano": "blasts",
  "zaffare": "blasts",
  "zaffaron": "zaffaroni",
  "zaffarono": "blasts",
  "zaffasse": "blasts",
  "zaffassero": "blasts",
  "zaffassi": "blasts",
  "zaffassimo": "blasts",
  "zaffata": "noun: stench",
  "zaffate": "noun: stench",
  "zaffati": "noun: stench",
  "zaffato": "noun: stench",
  "zaffava": "stench",
  "zaffavamo": "stench",
  "zaffavano": "stench",
  "zaffavate": "blasts",
  "zaffavi": "blasts",
  "zaffavo": "blasts",
  "zaffe": "bunghole",
  "zaffera": "noun: zaffer, zaffre",
  "zafferà": "zaffre",
  "zafferai": "stench",
  "zafferan": "crocuses",
  "zafferanato": "saffron",
  "zafferanno": "blasts",
  "zafferano": "adjective: saffron;",
  "zafferanone": "safflower",
  "zafferebbe": "blasts",
  "zafferebbero": "blasts",
  "zafferei": "blasts",
  "zafferemmo": "blasts",
  "zafferemo": "blasts",
  "zaffereste": "blasts",
  "zafferesti": "blasts",
  "zafferete": "blasts",
  "zafferò": "zaffre",
  "zaffete": "blasts",
  "zaffi": "wedges",
  "zaffiamo": "blasts",
  "zaffiate": "blasts",
  "zaffin": "zaffino",
  "zaffiri": "noun: sapphire",
  "zaffiro": "noun: sapphire",
  "zaffo": "bunghole",
  "zaffò": "bunghole",
  "zagaglia": "spear",
  "zagagliata": "spear",
  "zagara": "blossom",
  "zaidita": "zaydis",
  "zainetti": "backpacks",
  "zainetto": "backpack",
  "zaini": "noun: rucksack, backpack, knapsack, pack",
  "zaino": "noun: rucksack, backpack, knapsack, pack",
  "zaire": "noun: Zaire",
  "zairese": "zaire",
  "zairesi": "zairean",
  "zairiano": "zaira",
  "zambesi": "zambezi",
  "zambia": "noun: Zambia",
  "zambiana": "zambian",
  "zambiane": "zambian",
  "zambiani": "zambian",
  "zambiano": "adjective: Zambian;",
  "zampa": "noun: leg, paw, foot, four-footed",
  "zampammo": "paw",
  "zampando": "zampano",
  "zampare": "noun: leg, paw, foot, four-footed",
  "zamparono": "zampano",
  "zampasse": "paw",
  "zampassero": "paw",
  "zampassi": "paw",
  "zampassimo": "paw",
  "zampata": "paw",
  "zampate": "paw",
  "zampati": "paw",
  "zampato": "noun: leg, paw, foot, four-footed",
  "zampava": "paw",
  "zampavamo": "paw",
  "zampavano": "paw",
  "zampavate": "paw",
  "zampavi": "paw",
  "zampavo": "paw",
  "zampe": "legs",
  "zamperai": "legs",
  "zamperanno": "zampano",
  "zamperebbe": "legs",
  "zamperebbero": "legs",
  "zamperei": "legs",
  "zamperemmo": "legs",
  "zamperemo": "legs",
  "zampereste": "paw",
  "zamperesti": "legs",
  "zamperete": "paw",
  "zampetta": "paw",
  "zampettammo": "trotting",
  "zampettando": "verb: scamper",
  "zampettano": "verb: scamper",
  "zampettar": "scamper",
  "zampettare": "verb: scamper",
  "zampettarono": "scamper",
  "zampettasse": "scamper",
  "zampettassero": "scamper",
  "zampettassi": "paw",
  "zampettassimo": "trotting",
  "zampettata": "scamper",
  "zampettate": "scamper",
  "zampettati": "paw",
  "zampettato": "paw",
  "zampettava": "verb: scamper",
  "zampettavamo": "trotting",
  "zampettavano": "trotting",
  "zampettavate": "scamper",
  "zampettavi": "paw",
  "zampettavo": "paw",
  "zampetterai": "paws",
  "zampetteranno": "trotting",
  "zampetterebbe": "scamper",
  "zampetterebbero": "scamper",
  "zampetterei": "scamper",
  "zampetteremmo": "scamper",
  "zampetteremo": "scamper",
  "zampettereste": "scamper",
  "zampetteresti": "scamper",
  "zampetterete": "scamper",
  "zampetti": "trotters",
  "zampettiamo": "paw",
  "zampettiate": "scamper",
  "zampetto": "paw",
  "zampettò": "paws",
  "zampi": "trotter",
  "zampiamo": "paw",
  "zampiate": "paw",
  "zampilla": "adjective: gushing;",
  "zampillamento": "gush",
  "zampillammo": "gush",
  "zampillando": "spurting",
  "zampillano": "verb: gush, spurt, spirt, spout, spring, burst",
  "zampillante": "adjective: gushing",
  "zampillanti": "adjective: gushing",
  "zampillar": "gush",
  "zampillare": "verb: gush, spurt, spirt, spout, spring, burst",
  "zampillarono": "gush",
  "zampillasse": "gush",
  "zampillassero": "gush",
  "zampillassi": "welling",
  "zampillassimo": "gush",
  "zampillata": "sprung forth",
  "zampillate": "gush",
  "zampillati": "gushed",
  "zampillato": "gushed",
  "zampillava": "gushing",
  "zampillavamo": "gushed",
  "zampillavano": "gushed",
  "zampillavate": "gushing",
  "zampillavi": "gushing",
  "zampillavo": "gush",
  "zampillerai": "welling",
  "zampilleranno": "gush",
  "zampillerebbe": "gush",
  "zampillerebbero": "gush",
  "zampillerei": "gush",
  "zampilleremmo": "gush",
  "zampilleremo": "gush",
  "zampillereste": "gush",
  "zampilleresti": "gush",
  "zampillerete": "gush",
  "zampilli": "noun: gush, spurt, squirt, spout, jet",
  "zampilliamo": "gushed",
  "zampilliate": "gush",
  "zampillo": "noun: gush, spurt, squirt, spout, jet",
  "zampillò": "sprang",
  "zampin": "paws",
  "zampini": "paws",
  "zampino": "trotter",
  "zampirone": "noun: fumigator",
  "zampò": "legs",
  "zampogna": "noun: bagpipe",
  "zampognare": "bagpipe",
  "zampognaro": "noun: bagpiper, piper",
  "zampone": "noun: trotter",
  "zanca": "shanks",
  "zangola": "noun: churn",
  "zangolatore": "churn",
  "zangolatura": "churning",
  "zanna": "noun: tusk, fang",
  "zannata": "tusk",
  "zanne": "fangs",
  "zanni": "zany",
  "zannuto": "zannato",
  "zany": "",
  "zanzara": "noun: mosquito, gnat",
  "zanzare": "noun: mosquito, gnat",
  "zanzariera": "noun: mosquito net",
  "zanzariere": "noun: mosquito net",
  "zappa": "noun: hoe, sap, mattock",
  "zappammo": "hoeing",
  "zappando": "hoeing",
  "zappano": "hoe",
  "zappar": "hoe",
  "zappare": "verb: hoe, delve, dig",
  "zapparono": "hoe",
  "zappasse": "dig",
  "zappassero": "dig",
  "zappassi": "hoe",
  "zappassimo": "hoeing",
  "zappati": "verb: hoe, delve, dig",
  "zappato": "verb: hoe, delve, dig;",
  "zappatore": "noun: sapper",
  "zappatrice": "hoe",
  "zappatura": "hoeing",
  "zappava": "hoe",
  "zappavamo": "hoe",
  "zappavano": "zappa",
  "zappavate": "hoe",
  "zappavi": "hoe",
  "zappavo": "hoed",
  "zappe": "noun: hoe, sap, mattock",
  "zapperà": "zapper",
  "zapperai": "hoe",
  "zapperanno": "zappa",
  "zapperebbe": "dig",
  "zapperebbero": "dig",
  "zapperei": "dig",
  "zapperemmo": "dig",
  "zapperemo": "dig",
  "zappereste": "dig",
  "zapperesti": "dig",
  "zapperete": "dig",
  "zapperò": "zapper",
  "zappetta": "hoe",
  "zappettammo": "hoe",
  "zappettando": "hoe",
  "zappettano": "hoe",
  "zappettar": "hoe",
  "zappettare": "hoes",
  "zappettarono": "hoe",
  "zappettasse": "hoes",
  "zappettassero": "hoes",
  "zappettassi": "hoe",
  "zappettassimo": "hoe",
  "zappettata": "hoe",
  "zappettate": "hoes",
  "zappettati": "hoe",
  "zappettato": "hoe",
  "zappettava": "hoe",
  "zappettavamo": "hoe",
  "zappettavano": "hoe",
  "zappettavate": "hoes",
  "zappettavi": "hoe",
  "zappettavo": "hoe",
  "zappetterai": "hoes",
  "zappetteranno": "hoes",
  "zappetterebbe": "hoes",
  "zappetterebbero": "hoes",
  "zappetterei": "hoes",
  "zappetteremmo": "hoes",
  "zappetteremo": "hoes",
  "zappettereste": "hoes",
  "zappetteresti": "hoes",
  "zappetterete": "hoes",
  "zappetti": "hoes",
  "zappettiamo": "hoe",
  "zappettiate": "hoes",
  "zappettin": "zappettini",
  "zappettino": "zappettini",
  "zappetto": "hoes",
  "zappettò": "hoes",
  "zappi": "dig",
  "zappiamo": "zap",
  "zappo": "noun: sapper",
  "zappò": "hoe",
  "zar": "noun: czar, tsar",
  "zaratino": "zadar",
  "zarevic": "tsarevich",
  "zarina": "noun: tsarina, czarina",
  "zarine": "noun: tsarina, czarina",
  "zarismo": "noun: czarist",
  "zarista": "noun: czarist",
  "zariste": "tsarist",
  "zaristi": "noun: czarist",
  "zatta": "noun: cantaloup, cantaloupe",
  "zattera": "noun: raft, scow",
  "zattere": "noun: raft, scow",
  "zatteriere": "raftsman",
  "zatterino": "zatterin",
  "zatterone": "raft",
  "zatteroni": "platform shoes",
  "zavorra": "noun: ballast",
  "zavorramento": "ballasting",
  "zavorrammo": "weighted",
  "zavorrando": "weighted",
  "zavorrano": "weighted",
  "zavorrar": "ballast",
  "zavorrare": "verb: ballast",
  "zavorrarono": "ballasting",
  "zavorrasse": "ballast",
  "zavorrassero": "ballasting",
  "zavorrassi": "weighted",
  "zavorrassimo": "ballasting",
  "zavorrata": "verb: ballast",
  "zavorrate": "ballasted",
  "zavorrati": "weighted",
  "zavorrato": "verb: ballast",
  "zavorratore": "ballast",
  "zavorratura": "ballast",
  "zavorrava": "ballasted",
  "zavorravamo": "ballasted",
  "zavorravano": "ballasting",
  "zavorravate": "ballasted",
  "zavorravi": "weighted",
  "zavorravo": "weighted",
  "zavorre": "noun: ballast",
  "zavorrerai": "weight yourself",
  "zavorreranno": "ballasting",
  "zavorrerebbe": "ballast",
  "zavorrerebbero": "ballast",
  "zavorrerei": "ballast",
  "zavorreremmo": "ballast",
  "zavorreremo": "ballast",
  "zavorrereste": "ballasting",
  "zavorreresti": "weight yourself",
  "zavorrerete": "ballasted",
  "zavorri": "ballast",
  "zavorriamo": "weighted",
  "zavorriate": "ballasted",
  "zavorro": "verb: ballast",
  "zavorrò": "ballast",
  "zazzera": "noun: mop, mophead, long hair",
  "zazzere": "zazzi",
  "zazzeruto": "mop",
  "zdanovismo": "zhdanovism",
  "zeaxantina": "zeaxanthin",
  "zebedei": "zebedee",
  "zebra": "",
  "zebrata": "adjective: zebrine",
  "zebrate": "adjective: zebrine",
  "zebrati": "adjective: zebrine",
  "zebrato": "adjective: zebrine",
  "zebratura": "zebra",
  "zebù": "noun: zebu",
  "zecca": "noun: tick, mint",
  "zeccare": "mint",
  "zecche": "noun: tick, mint",
  "zecchiere": "minter",
  "zecchino": "noun: gold coin",
  "zeccolo": "zeccola",
  "zed": "",
  "zee": "",
  "zeffiro": "noun: zephyr",
  "zefiro": "zephyr",
  "zelandese": "noun: Zealander",
  "zelante": "adjective: zealous, ardent, earnest",
  "zelantemente": "zealously",
  "zelanti": "adjective: zealous, ardent, earnest",
  "zelatore": "noun: zealot",
  "zelo": "noun: zeal, jealousy, ardour, ardor, zealousness, goodwill",
  "zelotismo": "zealotry",
  "zen": "noun: Zen",
  "zendado": "taffeta",
  "zenit": "noun: zenith",
  "zenitale": "adjective: zenithal",
  "zenith": "",
  "zenzero": "noun: ginger",
  "zeppa": "noun: wedge, trig, platform",
  "zeppamento": "filled from",
  "zeppare": "pack denture",
  "zeppe": "noun: wedge, trig, platform",
  "zeppelin": "noun: zeppelin",
  "zeppi": "adjective: crammed, replete, packed",
  "zeppo": "adjective: crammed, replete, packed",
  "zeppola": "zeppole",
  "zera": "noun: zero, nought, nil, nothing, null, naught, scratch, cipher, cypher;",
  "zerbino": "noun: door mat, mat",
  "zerbinotto": "noun: popinjay",
  "zere": "noun: zero, nought, nil, nothing, null, naught, scratch, cipher, cypher;",
  "zeri": "noun: zero, nought, nil, nothing, null, naught, scratch, cipher, cypher;",
  "zero": "",
  "zeta": "noun: zed, zee",
  "zettatura": "traverse",
  "zeugita": "zeug",
  "zeus": "noun: Zeus",
  "zia": "noun: aunt",
  "zibaldone": "hotchpotch",
  "zibellina": "noun: sable, zibeline",
  "zibellini": "noun: sable, zibeline",
  "zibellino": "noun: sable, zibeline",
  "zibetto": "noun: zibet",
  "zibibbo": "raisins",
  "zie": "aunts",
  "zietta": "auntie",
  "ziffe": "ziff",
  "zigai": "ziga",
  "zigan": "gypsy",
  "zigana": "noun: Tzigane, Gipsy, gypsy",
  "zigane": "noun: Tzigane, Gipsy, gypsy",
  "zigani": "gypsies",
  "zigano": "noun: Tzigane, Gipsy, gypsy",
  "ziganti": "zigante",
  "zigherai": "zighi",
  "zigheranno": "zighi",
  "zigherebbe": "zighi",
  "zigherebbero": "zighi",
  "zigherei": "zighi",
  "zigheremmo": "zighi",
  "zigheremo": "zighi",
  "zighereste": "zighi",
  "zigheresti": "zighi",
  "zigherete": "zighi",
  "zighiamo": "zighi",
  "zighiate": "zighi",
  "zigò": "zigo",
  "zigodattilo": "zygodactyl",
  "zigolo": "noun: bunting",
  "zigoma": "cheekbones",
  "zigomatica": "adjective: zygomatic",
  "zigomatiche": "adjective: zygomatic",
  "zigomatici": "adjective: zygomatic",
  "zigomatico": "adjective: zygomatic",
  "zigomi": "noun: cheekbone, zygoma",
  "zigomiceti": "zygomycetes",
  "zigomo": "noun: cheekbone, zygoma",
  "zigosi": "zygosity",
  "zigote": "zygote",
  "zigotico": "zygotic",
  "zigrina": "knurled",
  "zigrinammo": "milled",
  "zigrinando": "milled",
  "zigrinano": "milled",
  "zigrinar": "knurled",
  "zigrinare": "adjective: milled",
  "zigrinarono": "milled",
  "zigrinasse": "knurled",
  "zigrinassero": "milled",
  "zigrinassi": "knurled",
  "zigrinassimo": "milled",
  "zigrinata": "adjective: milled",
  "zigrinate": "adjective: milled",
  "zigrinati": "adjective: milled",
  "zigrinato": "adjective: milled",
  "zigrinatura": "adjective: milled",
  "zigrinava": "thumb",
  "zigrinavamo": "milled",
  "zigrinavano": "milled",
  "zigrinavate": "knurled",
  "zigrinavi": "knurled",
  "zigrinavo": "milled",
  "zigrinerai": "thumb",
  "zigrineranno": "milled",
  "zigrinerebbe": "knurling",
  "zigrinerebbero": "knurling",
  "zigrinerei": "knurling",
  "zigrineremmo": "knurling",
  "zigrineremo": "knurling",
  "zigrinereste": "knurled",
  "zigrineresti": "knurled",
  "zigrinerete": "knurled",
  "zigrini": "noun: shagreen",
  "zigriniamo": "milled",
  "zigriniate": "knurled",
  "zigrino": "noun: shagreen",
  "zigrinò": "shagreen",
  "zigzag": "",
  "zigzaga": "verb: zigzag",
  "zigzagammo": "zigzagging",
  "zigzagando": "verb: zigzag",
  "zigzagano": "zigzag",
  "zigzagante": "verb: zigzag",
  "zigzaganti": "zigzag",
  "zigzagar": "zigzag",
  "zigzagare": "verb: zigzag",
  "zigzagarono": "zigzag",
  "zigzagasse": "zigzag",
  "zigzagassero": "zigzagging",
  "zigzagassi": "zigzagging",
  "zigzagassimo": "zigzagging",
  "zigzagata": "zigzagged",
  "zigzagate": "zigzag",
  "zigzagati": "zigzagged",
  "zigzagato": "zigzagged",
  "zigzagava": "zigzagged",
  "zigzagavamo": "zigzagged",
  "zigzagavano": "zigzagged",
  "zigzagavate": "zigzagged",
  "zigzagavi": "zigzagged",
  "zigzagavo": "zigzagged",
  "zigzagherai": "zigzag",
  "zigzagheranno": "zigzagging",
  "zigzagherebbe": "zigzag",
  "zigzagherebbero": "zigzag",
  "zigzagherei": "zigzag",
  "zigzagheremmo": "zigzag",
  "zigzagheremo": "zigzag",
  "zigzaghereste": "zigzag",
  "zigzagheresti": "zigzag",
  "zigzagherete": "zigzag",
  "zigzaghi": "zigzag",
  "zigzaghiamo": "zigzagged",
  "zigzaghiate": "zigzag",
  "zigzago": "zigzag",
  "zigzagò": "zigzag",
  "zii": "uncles",
  "zimarra": "robe",
  "zimasi": "zymase",
  "zimbabwe": "noun: Zimbabwe",
  "zimbellatore": "dupe",
  "zimbelli": "noun: decoy, butt, laughing stock, byword, dupe",
  "zimbello": "noun: decoy, butt, laughing stock, byword, dupe",
  "zimurgia": "noun: zymurgy",
  "zinale": "smock",
  "zinca": "verb: galvanize, zincify",
  "zincammo": "galvanized",
  "zincan": "zincani",
  "zincando": "verb: galvanize, zincify",
  "zincano": "verb: galvanize, zincify",
  "zincante": "zinc",
  "zincanti": "zinc",
  "zincare": "verb: galvanize, zincify",
  "zincarono": "galvanized",
  "zincasse": "galvanize",
  "zincassero": "galvanized",
  "zincassi": "galvanized",
  "zincassimo": "galvanized",
  "zincata": "galvanized",
  "zincate": "galvanized",
  "zincati": "galvanized",
  "zincato": "verb: galvanize, zincify",
  "zincatore": "galvanizer",
  "zincatura": "galvanizing",
  "zincava": "galvanized",
  "zincavamo": "galvanized",
  "zincavano": "galvanized",
  "zincavate": "galvanized",
  "zincavi": "galvanized",
  "zincavo": "galvanized",
  "zincherai": "zinc",
  "zincheranno": "galvanized",
  "zincherebbe": "galvanize",
  "zincherebbero": "galvanize",
  "zincherei": "galvanize",
  "zincheremmo": "galvanize",
  "zincheremo": "galvanize",
  "zinchereste": "galvanize",
  "zincheresti": "galvanized",
  "zincherete": "galvanize",
  "zinchi": "noun: zinc, electrum",
  "zinchiamo": "galvanized",
  "zinchiate": "galvanized",
  "zincite": "galvanized",
  "zinco": "noun: zinc, electrum",
  "zincò": "zinc",
  "zincografia": "noun: zincograph, zincography",
  "zincografico": "noun: zincograph, zincography",
  "zincografo": "noun: zincographer",
  "zincotipia": "noun: zincotype",
  "zincotipista": "noun: zincotypist",
  "zingara": "noun: Gipsy, gypsy, Romany, traveller, traveler",
  "zingare": "gypsy",
  "zingaresca": "adjective: Romany",
  "zingaresche": "gypsy",
  "zingareschi": "adjective: Romany",
  "zingaresco": "adjective: Romany",
  "zingari": "noun: Gipsy, gypsy, Romany, traveller, traveler",
  "zingaro": "noun: Gipsy, gypsy, Romany, traveller, traveler",
  "zinne": "tits",
  "zinnia": "",
  "zinzino": "zinzin",
  "zio": "noun: uncle",
  "zion": "noun: Sion",
  "zione": "tion",
  "zip": "",
  "zipolare": "spigot",
  "zipolo": "noun: bung, spigot",
  "zippare": "zip",
  "ziqqurat": "ziggurat",
  "zirbo": "zirbe",
  "zirconato": "zirconate",
  "zircone": "noun: zircon",
  "zirconio": "noun: zirconium",
  "zirla": "zirl",
  "zirlammo": "zirl",
  "zirlando": "zirl",
  "zirlano": "zirl",
  "zirlar": "zirl",
  "zirlare": "zirl",
  "zirlarono": "zirl",
  "zirlasse": "zirl",
  "zirlassero": "zirl",
  "zirlassi": "zirl",
  "zirlassimo": "zirl",
  "zirlata": "zirl",
  "zirlate": "zirl",
  "zirlati": "zirl",
  "zirlato": "zirl",
  "zirlava": "zirl",
  "zirlavamo": "zirl",
  "zirlavano": "zirl",
  "zirlavate": "zirl",
  "zirlavi": "zirl",
  "zirlavo": "zirl",
  "zirlerà": "zirler",
  "zirlerai": "zirl",
  "zirleranno": "zirl",
  "zirlerebbe": "zirl",
  "zirlerebbero": "zirl",
  "zirlerei": "zirl",
  "zirleremmo": "zirl",
  "zirleremo": "zirl",
  "zirlereste": "zirl",
  "zirleresti": "zirl",
  "zirlerete": "zirl",
  "zirlerò": "zirler",
  "zirli": "zirl",
  "zirliamo": "zirl",
  "zirliate": "zirl",
  "zirlo": "zirl",
  "zirlò": "zirl",
  "zitella": "noun: spinster, maid, maiden",
  "zitellaggio": "spinsterhood",
  "zitelle": "noun: spinster, maid, maiden",
  "zitellismo": "spinster",
  "zitellone": "old maids",
  "zither": "",
  "zitta": "silent",
  "zitte": "silent",
  "zittendo": "silencing",
  "zitti": "adjective: quiet, silent",
  "zittì": "silenced",
  "zittiamo": "silenced",
  "zittiate": "silenced",
  "zittii": "silent",
  "zittimmo": "silenced",
  "zittir": "silence",
  "zittirai": "wordlessly",
  "zittiranno": "fell silent",
  "zittire": "verb: silence, fall silent, hush, hiss",
  "zittirebbe": "silence",
  "zittirebbero": "silence",
  "zittirei": "silence",
  "zittiremmo": "silence",
  "zittiremo": "silence",
  "zittireste": "silence",
  "zittiresti": "wordlessly",
  "zittirete": "silence",
  "zittirono": "fell silent",
  "zittisca": "silences",
  "zittiscano": "keep silent",
  "zittisce": "verb: silence, fall silent, hush, hiss",
  "zittisci": "silences",
  "zittisco": "silences",
  "zittiscono": "keep silent",
  "zittissero": "silences",
  "zittita": "silenced",
  "zittite": "silenced",
  "zittiti": "silenced",
  "zittito": "verb: silence, fall silent, hush, hiss",
  "zittiva": "silenced",
  "zittivamo": "silenced",
  "zittivano": "fell silent",
  "zittivate": "silenced",
  "zittivi": "silenced",
  "zittivo": "silenced",
  "zitto": "adjective: quiet, silent",
  "zizzania": "noun: darnel, discord",
  "zoccola": "slut",
  "zoccolai": "clog",
  "zoccolaio": "clog",
  "zoccolammo": "hooves",
  "zoccolando": "hooves",
  "zoccolano": "hooves",
  "zoccolante": "zoccolanti",
  "zoccolar": "slut",
  "zoccolare": "slut",
  "zoccolarono": "hooves",
  "zoccolasse": "slut",
  "zoccolassero": "hooves",
  "zoccolassi": "socketed",
  "zoccolassimo": "socketed",
  "zoccolata": "socketed",
  "zoccolate": "socketed",
  "zoccolati": "socketed",
  "zoccolato": "socketed",
  "zoccolava": "slut",
  "zoccolavamo": "hooves",
  "zoccolavano": "hooves",
  "zoccolavate": "socketed",
  "zoccolavi": "socketed",
  "zoccolavo": "hooves",
  "zoccole": "hoes",
  "zoccolerai": "clogs",
  "zoccoleranno": "hooves",
  "zoccolerebbe": "hoes",
  "zoccolerebbero": "base",
  "zoccolerei": "clogs",
  "zoccoleremmo": "base",
  "zoccoleremo": "base",
  "zoccolereste": "hoes",
  "zoccoleresti": "socketed",
  "zoccolerete": "hoes",
  "zoccoli": "noun: hoof, clog, plinth, skirting, base, baseboard, foot, sabot",
  "zoccoliamo": "hooves",
  "zoccoliate": "socketed",
  "zoccolin": "skirting",
  "zoccolino": "skirting",
  "zoccolio": "hoofs",
  "zoccolo": "noun: hoof, clog, plinth, skirting, base, baseboard, foot, sabot",
  "zoccolò": "base",
  "zodiacale": "adjective: zodiacal",
  "zodiacali": "noun: zodiac;",
  "zodiaco": "noun: zodiac",
  "zolfanello": "noun: match",
  "zolfara": "verb: sulfurate, sulfurize, sulphurate, sulphurize, sulphurise",
  "zolfare": "verb: sulfurate, sulfurize, sulphurate, sulphurize, sulphurise",
  "zolfi": "noun: sulphur, sulfur, brimstone",
  "zolfo": "noun: sulphur, sulfur, brimstone",
  "zolla": "noun: clod, lump, plate",
  "zollare": "clods",
  "zolle": "noun: clod, lump, plate",
  "zolletta": "lump",
  "zollosità": "clod level",
  "zolloso": "clod level",
  "zombare": "zombie",
  "zombata": "zombie",
  "zombi": "",
  "zombie": "",
  "zompammo": "zompa",
  "zompando": "zompa",
  "zompano": "zompa",
  "zompante": "zompanti",
  "zompar": "zompa",
  "zompare": "zompa",
  "zomparono": "zompa",
  "zompasse": "zompa",
  "zompassero": "zompa",
  "zompassi": "zompa",
  "zompassimo": "zompo",
  "zompata": "zompa",
  "zompate": "zompa",
  "zompati": "zompa",
  "zompato": "zompa",
  "zompava": "zompa",
  "zompavamo": "zompa",
  "zompavano": "zompa",
  "zompavate": "zompa",
  "zompavi": "zompa",
  "zompavo": "zompa",
  "zomperai": "zompa",
  "zomperanno": "zompa",
  "zomperebbe": "zompo",
  "zomperebbero": "zompo",
  "zomperei": "zompi",
  "zomperemmo": "zompo",
  "zomperemo": "zompo",
  "zompereste": "zompo",
  "zomperesti": "zompi",
  "zomperete": "zompo",
  "zompiamo": "zompo",
  "zompiate": "zompa",
  "zompò": "zompo",
  "zona": "noun: area, zone, dock, belt, doldrums, district",
  "zonale": "adjective: zonal",
  "zonali": "adjective: zonal",
  "zonato": "zoned",
  "zonatura": "zoning",
  "zonazione": "zonation",
  "zone": "",
  "zonizzare": "zoned",
  "zonizzazione": "zoning",
  "zonula": "zonules",
  "zonzo": "wandering",
  "zoo": "",
  "zoocenosi": "zoocoenoses",
  "zoocoria": "zoocora",
  "zoocoro": "zoocora",
  "zoofilo": "zoophilic",
  "zoofito": "noun: zoophyte",
  "zoogamete": "zoogami",
  "zoogamia": "zoogami",
  "zoogamo": "zoogami",
  "zoogeografia": "zoogeography",
  "zoogeografico": "zoogeography",
  "zoognostica": "zoognostic",
  "zoologi": "noun: zoologist;",
  "zoologia": "noun: zoology",
  "zoologica": "adjective: zoological;",
  "zoologicamente": "zoologically",
  "zoologiche": "adjective: zoological;",
  "zoologici": "adjective: zoological",
  "zoologico": "adjective: zoological",
  "zoologie": "zoology",
  "zoologo": "noun: zoologist",
  "zoomorfa": "zoomorphic",
  "zoomorfe": "zoomorphic",
  "zoomorfi": "zoomorphic",
  "zoomorfismo": "noun: zoomorphism",
  "zoomorfo": "zoomorphic",
  "zoomorfosi": "zoomorphic",
  "zoonosi": "zoonoses",
  "zoopaleontologia": "palaeozoology",
  "zooplancton": "zooplankton",
  "zoosafari": "noun: safari park",
  "zoosemiotica": "zoosemiotics",
  "zoospora": "zoospores",
  "zootecnia": "noun: zootechnics, zootechny",
  "zootecnica": "noun: zootechnics",
  "zootecniche": "noun: zootechnics;",
  "zootecnici": "noun: zootechnics;",
  "zootecnico": "adjective: zootechnical",
  "zootecnie": "zootechny",
  "zootomia": "noun: zootomy",
  "zoppa": "lame",
  "zoppaggine": "noun: lameness",
  "zoppare": "lame",
  "zoppe": "lame",
  "zoppi": "adjective: lame, cripple, gammy, limping;",
  "zoppia": "lameness",
  "zoppica": "verb: be shaky, limp, be weak, halt, hobble",
  "zoppicamento": "noun: limping, limp",
  "zoppicammo": "limping",
  "zoppicando": "verb: be shaky, limp, be weak, halt, hobble",
  "zoppicano": "limp",
  "zoppicante": "adjective: lame, halting",
  "zoppicanti": "adjective: lame, halting",
  "zoppicar": "limp",
  "zoppicare": "verb: be shaky, limp, be weak, halt, hobble",
  "zoppicarono": "limp",
  "zoppicasse": "limped",
  "zoppicassero": "limped",
  "zoppicassi": "limped",
  "zoppicassimo": "limped",
  "zoppicata": "limp",
  "zoppicate": "limp",
  "zoppicati": "noun: limping, limp",
  "zoppicato": "noun: limping, limp;",
  "zoppicatura": "lameness",
  "zoppicava": "verb: be shaky, limp, be weak, halt, hobble",
  "zoppicavamo": "limped",
  "zoppicavano": "limped",
  "zoppicavate": "limp",
  "zoppicavi": "limp",
  "zoppicavo": "limping",
  "zoppicherà": "lame",
  "zoppicherai": "limp",
  "zoppicheranno": "limping",
  "zoppicherebbe": "limping",
  "zoppicherebbero": "limping",
  "zoppicherei": "limping",
  "zoppicheremmo": "limping",
  "zoppicheremo": "limping",
  "zoppichereste": "limping",
  "zoppicheresti": "limping",
  "zoppicherete": "limping",
  "zoppicherò": "lame",
  "zoppichi": "limp",
  "zoppichiamo": "limp",
  "zoppichiate": "limp",
  "zoppico": "limp",
  "zoppicò": "limped",
  "zoppie": "lameness",
  "zoppina": "foot rot",
  "zoppo": "adjective: lame, cripple, gammy, limping;",
  "zoroastriano": "zoroastrian",
  "zoroastrismo": "zoroastrianism",
  "zoroastro": "zoroaster",
  "zotico": "adjective: boorish, hick, loutish, lubberly;",
  "zoticone": "noun: boor, bumpkin, clodhopper, lout, lubber",
  "zoug": "zug",
  "zps": "spa",
  "zuava": "breeches",
  "zuave": "breeches",
  "zuavi": "zouaves",
  "zuavo": "noun: zouave",
  "zucca": "noun: pumpkin, marrow, head, calabash, crown, gourd, squash, pate, vegetable marrow",
  "zuccata": "noun: blow with the head, butt",
  "zucche": "noun: pumpkin, marrow, head, calabash, crown, gourd, squash, pate, vegetable marrow",
  "zucchera": "verb: sugar, sweeten;",
  "zuccheraggio": "sugaring",
  "zuccherai": "pumpkins",
  "zuccherammo": "sweetened",
  "zuccherando": "verb: sugar, sweeten",
  "zuccherano": "sweeten",
  "zuccherar": "sugar",
  "zuccherare": "verb: sugar, sweeten",
  "zuccherarono": "sweeten",
  "zuccherasse": "sugary",
  "zuccherassero": "sweetened",
  "zuccherassi": "sugary",
  "zuccherassimo": "sweetened",
  "zuccherata": "adjective: sweetened, sugared;",
  "zuccherate": "verb: sugar, sweeten",
  "zuccherati": "sugary",
  "zuccherato": "adjective: sweetened, sugared",
  "zuccherava": "sugar",
  "zuccheravamo": "sweetened",
  "zuccheravano": "sweeten",
  "zuccheravate": "sugary",
  "zuccheravi": "sugary",
  "zuccheravo": "sweetened",
  "zucchererai": "sugar",
  "zucchereranno": "sweeten",
  "zucchererebbe": "sugar",
  "zucchererebbero": "sugar",
  "zucchererei": "sugar",
  "zucchereremmo": "sugar",
  "zucchereremo": "sugar",
  "zuccherereste": "sugary",
  "zucchereresti": "sugary",
  "zucchererete": "sugary",
  "zuccheri": "noun: sugar",
  "zuccheriamo": "sweetened",
  "zuccheriate": "sugary",
  "zuccheriera": "noun: sugar bowl",
  "zuccheriere": "noun: sugar bowl",
  "zuccherieri": "sugar bowl",
  "zuccheriero": "sugar",
  "zuccherifici": "sugar",
  "zuccherificio": "sugar",
  "zuccherin": "sugary",
  "zuccherina": "adjective: sugary, sweet;",
  "zuccherine": "adjective: sugary, sweet;",
  "zuccherini": "candies",
  "zuccherino": "adjective: sugary, sweet;",
  "zucchero": "noun: sugar",
  "zuccherò": "sugar",
  "zuccherosa": "saccharine",
  "zuccherose": "sugary",
  "zuccherosi": "sugary",
  "zuccheroso": "sugary",
  "zucchetto": "noun: skullcap",
  "zucchina": "noun: squash, zucchini, marrow",
  "zucchini": "noun: zucchina",
  "zucchino": "zucchini",
  "zucconare": "dunce",
  "zuccone": "noun: dunce, loggerhead, dodo",
  "zucconi": "noun: dunce, loggerhead, dodo",
  "zuffa": "noun: fight, brawl, rough-and-tumble, scuffle, punch-up, tussle, scrap",
  "zufola": "flageolet",
  "zufolammo": "whistling",
  "zufolando": "whistling",
  "zufolano": "whistling",
  "zufolar": "whistle",
  "zufolare": "whistle",
  "zufolarono": "whistling",
  "zufolasse": "whistle",
  "zufolassero": "whistling",
  "zufolassi": "whistling",
  "zufolassimo": "whistling",
  "zufolata": "whistle",
  "zufolate": "whistle",
  "zufolati": "whistle",
  "zufolato": "flageolet",
  "zufolava": "whistle",
  "zufolavamo": "whistling",
  "zufolavano": "whistling",
  "zufolavate": "whistle",
  "zufolavi": "whistle",
  "zufolavo": "flageolet",
  "zufolerai": "whistle",
  "zufoleranno": "whistling",
  "zufolerebbe": "whistle",
  "zufolerebbero": "whistle",
  "zufolerei": "whistle",
  "zufoleremmo": "whistle",
  "zufoleremo": "whistle",
  "zufolereste": "whistle",
  "zufoleresti": "whistle",
  "zufolerete": "whistle",
  "zufoli": "noun: flageolet",
  "zufoliamo": "flageolet",
  "zufoliate": "whistle",
  "zufolio": "flageolet",
  "zufolo": "noun: flageolet",
  "zufolò": "flageolet",
  "zulu": "adjective: Zulu;",
  "zulù": "adjective: Zulu;",
  "zumai": "zuma",
  "zumando": "zooming",
  "zumano": "zoom",
  "zumante": "zooming",
  "zumanti": "zooming",
  "zumare": "zoom",
  "zumata": "noun: zoom",
  "zumate": "noun: zoom",
  "zumati": "noun: zoom",
  "zumato": "noun: zoom",
  "zumerà": "will zoom",
  "zumerò": "Žumer",
  "zumi": "zoom",
  "zumin": "zumino",
  "zumò": "zumo",
  "zuppa": "noun: soup",
  "zuppare": "soup",
  "zuppe": "noun: soup",
  "zuppetta": "soup",
  "zuppi": "adjective: soaked, wet",
  "zuppiera": "noun: soup tureen, tureen",
  "zuppo": "adjective: soaked, wet",
  "zurighese": "zurich",
  "zurighesi": "zurich",
  "zurigo": "zurich",
  "zurvanismo": "zurvanism",
  "zwingliano": "zwingli"
}